<?xml version="1.0" encoding="UTF-8"?>
<Mona>
    <D2022-03-17_T10-09-21>
        <datetime>2022-03-17T10:09:21</datetime>
        <serialnumber>n985</serialnumber>
        <TS>36561</TS>
        <frequency>
            <f0>976.563</f0>
            <f1>1953.13</f1>
            <f2>3906.25</f2>
            <f3>7812.5</f3>
            <f4>15625</f4>
            <f5>31250</f5>
            <f6>62500</f6>
            <f7>125000</f7>
            <f8>250000</f8>
            <f9>500000</f9>
            <f10>1e+06</f10>
        </frequency>
        <amplitude>
            <a0>59.6338</a0>
            <a1>59.5732</a1>
            <a2>58.8965</a2>
            <a3>61.2439</a3>
            <a4>58.3883</a4>
            <a5>58.0077</a5>
            <a6>57.4859</a6>
            <a7>54.8681</a7>
            <a8>54.6179</a8>
            <a9>52.734</a9>
            <a10>48.6342</a10>
        </amplitude>
        <phase>
            <p0>6.971</p0>
            <p1>6.47746</p1>
            <p2>7.31215</p2>
            <p3>10.4563</p3>
            <p4>9.17042</p4>
            <p5>10.008</p5>
            <p6>11.411</p6>
            <p7>12.7923</p7>
            <p8>17.0629</p8>
            <p9>24.9321</p9>
            <p10>31.7472</p10>
        </phase>
        <amplitude_rms>
            <ar0>0</ar0>
            <ar1>0</ar1>
            <ar2>0</ar2>
            <ar3>0</ar3>
            <ar4>0</ar4>
            <ar5>0</ar5>
            <ar6>0</ar6>
            <ar7>0</ar7>
            <ar8>0</ar8>
            <ar9>0</ar9>
            <ar10>0</ar10>
        </amplitude_rms>
        <phase_rms>
            <pr0>0</pr0>
            <pr1>0</pr1>
            <pr2>0</pr2>
            <pr3>0</pr3>
            <pr4>0</pr4>
            <pr5>0</pr5>
            <pr6>0</pr6>
            <pr7>0</pr7>
            <pr8>0</pr8>
            <pr9>0</pr9>
            <pr10>0</pr10>
        </phase_rms>
        <additional1></additional1>
        <additional2></additional2>
    </D2022-03-17_T10-09-21>
    <D2022-03-17_T10-10-22>
        <datetime>2022-03-17T10:10:22</datetime>
        <serialnumber>n985</serialnumber>
        <TS>36622</TS>
        <frequency>
            <f0>976.563</f0>
            <f1>1953.13</f1>
            <f2>3906.25</f2>
            <f3>7812.5</f3>
            <f4>15625</f4>
            <f5>31250</f5>
            <f6>62500</f6>
            <f7>125000</f7>
            <f8>250000</f8>
            <f9>500000</f9>
            <f10>1e+06</f10>
        </frequency>
        <amplitude>
            <a0>59.9749</a0>
            <a1>59.3969</a1>
            <a2>60.0273</a2>
            <a3>59.8661</a3>
            <a4>58.1825</a4>
            <a5>58.1576</a5>
            <a6>56.7002</a6>
            <a7>54.9265</a7>
            <a8>53.8776</a8>
            <a9>52.0485</a9>
            <a10>47.5929</a10>
        </amplitude>
        <phase>
            <p0>7.55055</p0>
            <p1>7.12694</p1>
            <p2>7.90949</p2>
            <p3>9.29318</p3>
            <p4>8.68639</p4>
            <p5>10.111</p5>
            <p6>11.4384</p6>
            <p7>13.055</p7>
            <p8>17.3082</p8>
            <p9>24.6522</p9>
            <p10>31.792</p10>
        </phase>
        <amplitude_rms>
            <ar0>0.5689</ar0>
            <ar1>0.2969</ar1>
            <ar2>1.884</ar2>
            <ar3>2.301</ar3>
            <ar4>0.3538</ar4>
            <ar5>0.2578</ar5>
            <ar6>1.386</ar6>
            <ar7>0.1063</ar7>
            <ar8>1.374</ar8>
            <ar9>1.317</ar9>
            <ar10>2.188</ar10>
        </amplitude_rms>
        <phase_rms>
            <pr0>0.5796</pr0>
            <pr1>0.6495</pr1>
            <pr2>0.5973</pr2>
            <pr3>1.163</pr3>
            <pr4>0.484</pr4>
            <pr5>0.103</pr5>
            <pr6>0.02739</pr6>
            <pr7>0.2627</pr7>
            <pr8>0.2453</pr8>
            <pr9>0.2798</pr9>
            <pr10>0.04481</pr10>
        </phase_rms>
        <additional1></additional1>
        <additional2></additional2>
    </D2022-03-17_T10-10-22>
    <D2022-03-17_T10-13-31>
        <datetime>2022-03-17T10:13:31</datetime>
        <serialnumber>n985</serialnumber>
        <TS>36811</TS>
        <frequency>
            <f0>976.563</f0>
            <f1>1953.13</f1>
            <f2>3906.25</f2>
            <f3>7812.5</f3>
            <f4>15625</f4>
            <f5>31250</f5>
            <f6>62500</f6>
            <f7>125000</f7>
            <f8>250000</f8>
            <f9>500000</f9>
            <f10>1e+06</f10>
        </frequency>
        <amplitude>
            <a0>59.7681</a0>
            <a1>59.989</a1>
            <a2>59.4424</a2>
            <a3>59.0002</a3>
            <a4>58.5637</a4>
            <a5>57.7086</a5>
            <a6>56.6246</a6>
            <a7>55.2963</a7>
            <a8>53.5537</a8>
            <a9>52.1761</a9>
            <a10>46.9653</a10>
        </amplitude>
        <phase>
            <p0>7.95489</p0>
            <p1>7.67621</p1>
            <p2>7.49586</p2>
            <p3>8.0591</p3>
            <p4>8.6308</p4>
            <p5>9.79985</p5>
            <p6>11.0535</p6>
            <p7>13.5166</p7>
            <p8>17.1231</p8>
            <p9>24.2795</p9>
            <p10>32.6405</p10>
        </phase>
        <amplitude_rms>
            <ar0>0</ar0>
            <ar1>0</ar1>
            <ar2>0</ar2>
            <ar3>0</ar3>
            <ar4>0</ar4>
            <ar5>0</ar5>
            <ar6>0</ar6>
            <ar7>0</ar7>
            <ar8>0</ar8>
            <ar9>0</ar9>
            <ar10>0</ar10>
        </amplitude_rms>
        <phase_rms>
            <pr0>0</pr0>
            <pr1>0</pr1>
            <pr2>0</pr2>
            <pr3>0</pr3>
            <pr4>0</pr4>
            <pr5>0</pr5>
            <pr6>0</pr6>
            <pr7>0</pr7>
            <pr8>0</pr8>
            <pr9>0</pr9>
            <pr10>0</pr10>
        </phase_rms>
        <additional1></additional1>
        <additional2></additional2>
    </D2022-03-17_T10-13-31>
    <D2022-03-17_T10-15-07>
        <datetime>2022-03-17T10:15:07</datetime>
        <serialnumber>n985</serialnumber>
        <TS>36907</TS>
        <frequency>
            <f0>976.563</f0>
            <f1>1953.13</f1>
            <f2>3906.25</f2>
            <f3>7812.5</f3>
            <f4>15625</f4>
            <f5>31250</f5>
            <f6>62500</f6>
            <f7>125000</f7>
            <f8>250000</f8>
            <f9>500000</f9>
            <f10>1e+06</f10>
        </frequency>
        <amplitude>
            <a0>60.8279</a0>
            <a1>60.7922</a1>
            <a2>60.5361</a2>
            <a3>59.8044</a3>
            <a4>59.3693</a4>
            <a5>58.7277</a5>
            <a6>57.4859</a6>
            <a7>56.6741</a7>
            <a8>54.6943</a8>
            <a9>52.6255</a9>
            <a10>47.0449</a10>
        </amplitude>
        <phase>
            <p0>8.06124</p0>
            <p1>7.82003</p1>
            <p2>7.85331</p2>
            <p3>8.20015</p3>
            <p4>8.76513</p4>
            <p5>9.62816</p5>
            <p6>11.411</p6>
            <p7>13.7193</p7>
            <p8>17.3217</p8>
            <p9>24.6769</p9>
            <p10>32.2056</p10>
        </phase>
        <amplitude_rms>
            <ar0>0</ar0>
            <ar1>0</ar1>
            <ar2>0</ar2>
            <ar3>0</ar3>
            <ar4>0</ar4>
            <ar5>0</ar5>
            <ar6>0</ar6>
            <ar7>0</ar7>
            <ar8>0</ar8>
            <ar9>0</ar9>
            <ar10>0</ar10>
        </amplitude_rms>
        <phase_rms>
            <pr0>0</pr0>
            <pr1>0</pr1>
            <pr2>0</pr2>
            <pr3>0</pr3>
            <pr4>0</pr4>
            <pr5>0</pr5>
            <pr6>0</pr6>
            <pr7>0</pr7>
            <pr8>0</pr8>
            <pr9>0</pr9>
            <pr10>0</pr10>
        </phase_rms>
        <additional1></additional1>
        <additional2></additional2>
    </D2022-03-17_T10-15-07>
    <D2022-03-17_T10-15-38>
        <datetime>2022-03-17T10:15:38</datetime>
        <serialnumber>n985</serialnumber>
        <TS>36938</TS>
        <frequency>
            <f0>976.563</f0>
            <f1>1953.13</f1>
            <f2>3906.25</f2>
            <f3>7812.5</f3>
            <f4>15625</f4>
            <f5>31250</f5>
            <f6>62500</f6>
            <f7>125000</f7>
            <f8>250000</f8>
            <f9>500000</f9>
            <f10>1e+06</f10>
        </frequency>
        <amplitude>
            <a0>61.197</a0>
            <a1>60.4677</a1>
            <a2>60.2113</a2>
            <a3>60.0975</a3>
            <a4>59.1139</a4>
            <a5>58.1751</a5>
            <a6>57.1818</a6>
            <a7>55.8595</a7>
            <a8>54.7719</a8>
            <a9>52.3908</a9>
            <a10>47.9765</a10>
        </amplitude>
        <phase>
            <p0>8.74616</p0>
            <p1>7.36805</p1>
            <p2>7.39959</p2>
            <p3>8.40891</p3>
            <p4>8.80331</p4>
            <p5>9.46232</p5>
            <p6>11.2083</p6>
            <p7>13.6504</p7>
            <p8>17.5799</p8>
            <p9>24.7949</p9>
            <p10>32.2344</p10>
        </phase>
        <amplitude_rms>
            <ar0>0</ar0>
            <ar1>0</ar1>
            <ar2>0</ar2>
            <ar3>0</ar3>
            <ar4>0</ar4>
            <ar5>0</ar5>
            <ar6>0</ar6>
            <ar7>0</ar7>
            <ar8>0</ar8>
            <ar9>0</ar9>
            <ar10>0</ar10>
        </amplitude_rms>
        <phase_rms>
            <pr0>0</pr0>
            <pr1>0</pr1>
            <pr2>0</pr2>
            <pr3>0</pr3>
            <pr4>0</pr4>
            <pr5>0</pr5>
            <pr6>0</pr6>
            <pr7>0</pr7>
            <pr8>0</pr8>
            <pr9>0</pr9>
            <pr10>0</pr10>
        </phase_rms>
        <additional1></additional1>
        <additional2></additional2>
    </D2022-03-17_T10-15-38>
    <D2022-03-17_T10-15-59>
        <datetime>2022-03-17T10:15:59</datetime>
        <serialnumber>n985</serialnumber>
        <TS>36959</TS>
        <frequency>
            <f0>976.563</f0>
            <f1>1953.13</f1>
            <f2>3906.25</f2>
            <f3>7812.5</f3>
            <f4>15625</f4>
            <f5>31250</f5>
            <f6>62500</f6>
            <f7>125000</f7>
            <f8>250000</f8>
            <f9>500000</f9>
            <f10>1e+06</f10>
        </frequency>
        <amplitude>
            <a0>61.0483</a0>
            <a1>60.7922</a1>
            <a2>60.7922</a2>
            <a3>60.0241</a3>
            <a4>59.7054</a4>
            <a5>58.1331</a5>
            <a6>57.4859</a6>
            <a7>56.1108</a7>
            <a8>55.0966</a8>
            <a9>52.2829</a9>
            <a10>46.8264</a10>
        </amplitude>
        <phase>
            <p0>7.78702</p0>
            <p1>7.82003</p1>
            <p2>7.82003</p2>
            <p3>7.92074</p3>
            <p4>9.21764</p4>
            <p5>9.21103</p5>
            <p6>11.411</p6>
            <p7>13.5881</p7>
            <p8>17.7549</p8>
            <p9>24.5377</p9>
            <p10>32.3742</p10>
        </phase>
        <amplitude_rms>
            <ar0>0</ar0>
            <ar1>0</ar1>
            <ar2>0</ar2>
            <ar3>0</ar3>
            <ar4>0</ar4>
            <ar5>0</ar5>
            <ar6>0</ar6>
            <ar7>0</ar7>
            <ar8>0</ar8>
            <ar9>0</ar9>
            <ar10>0</ar10>
        </amplitude_rms>
        <phase_rms>
            <pr0>0</pr0>
            <pr1>0</pr1>
            <pr2>0</pr2>
            <pr3>0</pr3>
            <pr4>0</pr4>
            <pr5>0</pr5>
            <pr6>0</pr6>
            <pr7>0</pr7>
            <pr8>0</pr8>
            <pr9>0</pr9>
            <pr10>0</pr10>
        </phase_rms>
        <additional1></additional1>
        <additional2></additional2>
    </D2022-03-17_T10-15-59>
    <D2022-03-17_T10-16-18>
        <datetime>2022-03-17T10:16:18</datetime>
        <serialnumber>n985</serialnumber>
        <TS>36978</TS>
        <frequency>
            <f0>976.563</f0>
            <f1>1953.13</f1>
            <f2>3906.25</f2>
            <f3>7812.5</f3>
            <f4>15625</f4>
            <f5>31250</f5>
            <f6>62500</f6>
            <f7>125000</f7>
            <f8>250000</f8>
            <f9>500000</f9>
            <f10>1e+06</f10>
        </frequency>
        <amplitude>
            <a0>60.8279</a0>
            <a1>60.5014</a1>
            <a2>59.955</a2>
            <a3>59.5121</a3>
            <a4>58.8193</a4>
            <a5>58.4301</a5>
            <a6>57.4353</a6>
            <a7>55.9838</a7>
            <a8>54.4476</a8>
            <a9>52.4997</a9>
            <a10>47.2461</a10>
        </amplitude>
        <phase>
            <p0>8.06124</p0>
            <p1>7.61082</p1>
            <p2>7.43141</p2>
            <p3>7.98933</p3>
            <p4>8.59302</p4>
            <p5>9.42065</p5>
            <p6>11.1582</p6>
            <p7>14.1646</p7>
            <p8>17.4027</p8>
            <p9>25.051</p9>
            <p10>33.1684</p10>
        </phase>
        <amplitude_rms>
            <ar0>0</ar0>
            <ar1>0</ar1>
            <ar2>0</ar2>
            <ar3>0</ar3>
            <ar4>0</ar4>
            <ar5>0</ar5>
            <ar6>0</ar6>
            <ar7>0</ar7>
            <ar8>0</ar8>
            <ar9>0</ar9>
            <ar10>0</ar10>
        </amplitude_rms>
        <phase_rms>
            <pr0>0</pr0>
            <pr1>0</pr1>
            <pr2>0</pr2>
            <pr3>0</pr3>
            <pr4>0</pr4>
            <pr5>0</pr5>
            <pr6>0</pr6>
            <pr7>0</pr7>
            <pr8>0</pr8>
            <pr9>0</pr9>
            <pr10>0</pr10>
        </phase_rms>
        <additional1></additional1>
        <additional2></additional2>
    </D2022-03-17_T10-16-18>
    <D2022-03-17_T10-16-37>
        <datetime>2022-03-17T10:16:37</datetime>
        <serialnumber>n985</serialnumber>
        <TS>36997</TS>
        <frequency>
            <f0>976.563</f0>
            <f1>1953.13</f1>
            <f2>3906.25</f2>
            <f3>7812.5</f3>
            <f4>15625</f4>
            <f5>31250</f5>
            <f6>62500</f6>
            <f7>125000</f7>
            <f8>250000</f8>
            <f9>500000</f9>
            <f10>1e+06</f10>
        </frequency>
        <amplitude>
            <a0>60.2801</a0>
            <a1>60.2452</a1>
            <a2>59.955</a2>
            <a3>59.7681</a3>
            <a4>59.0749</a4>
            <a5>58.2181</a5>
            <a6>58.5123</a6>
            <a7>56.4852</a7>
            <a8>54.7719</a8>
            <a9>52.6255</a9>
            <a10>47.4627</a10>
        </amplitude>
        <phase>
            <p0>7.88688</p0>
            <p1>7.64338</p1>
            <p2>7.43141</p2>
            <p3>7.95489</p3>
            <p4>8.55556</p4>
            <p5>9.71325</p5>
            <p6>12.5014</p6>
            <p7>14.0362</p7>
            <p8>17.5799</p8>
            <p9>24.6769</p9>
            <p10>32.9977</p10>
        </phase>
        <amplitude_rms>
            <ar0>0</ar0>
            <ar1>0</ar1>
            <ar2>0</ar2>
            <ar3>0</ar3>
            <ar4>0</ar4>
            <ar5>0</ar5>
            <ar6>0</ar6>
            <ar7>0</ar7>
            <ar8>0</ar8>
            <ar9>0</ar9>
            <ar10>0</ar10>
        </amplitude_rms>
        <phase_rms>
            <pr0>0</pr0>
            <pr1>0</pr1>
            <pr2>0</pr2>
            <pr3>0</pr3>
            <pr4>0</pr4>
            <pr5>0</pr5>
            <pr6>0</pr6>
            <pr7>0</pr7>
            <pr8>0</pr8>
            <pr9>0</pr9>
            <pr10>0</pr10>
        </phase_rms>
        <additional1></additional1>
        <additional2></additional2>
    </D2022-03-17_T10-16-37>
    <D2022-03-17_T10-16-54>
        <datetime>2022-03-17T10:16:54</datetime>
        <serialnumber>n985</serialnumber>
        <TS>37014</TS>
        <frequency>
            <f0>976.563</f0>
            <f1>1953.13</f1>
            <f2>3906.25</f2>
            <f3>7812.5</f3>
            <f4>15625</f4>
            <f5>31250</f5>
            <f6>62500</f6>
            <f7>125000</f7>
            <f8>250000</f8>
            <f9>500000</f9>
            <f10>1e+06</f10>
        </frequency>
        <amplitude>
            <a0>60.5014</a0>
            <a1>60.7576</a1>
            <a2>60.7922</a2>
            <a3>60.3161</a3>
            <a4>59.6646</a4>
            <a5>58.4729</a5>
            <a6>57.6889</a6>
            <a7>55.9211</a7>
            <a8>54.4476</a8>
            <a9>52.4118</a9>
            <a10>47.5309</a10>
        </amplitude>
        <phase>
            <p0>7.61082</p0>
            <p1>7.57854</p1>
            <p2>7.82003</p2>
            <p3>8.1301</p3>
            <p4>8.97263</p4>
            <p5>9.67052</p5>
            <p6>11.1085</p6>
            <p7>13.9078</p7>
            <p8>17.4027</p8>
            <p9>24.1633</p9>
            <p10>33.6901</p10>
        </phase>
        <amplitude_rms>
            <ar0>0</ar0>
            <ar1>0</ar1>
            <ar2>0</ar2>
            <ar3>0</ar3>
            <ar4>0</ar4>
            <ar5>0</ar5>
            <ar6>0</ar6>
            <ar7>0</ar7>
            <ar8>0</ar8>
            <ar9>0</ar9>
            <ar10>0</ar10>
        </amplitude_rms>
        <phase_rms>
            <pr0>0</pr0>
            <pr1>0</pr1>
            <pr2>0</pr2>
            <pr3>0</pr3>
            <pr4>0</pr4>
            <pr5>0</pr5>
            <pr6>0</pr6>
            <pr7>0</pr7>
            <pr8>0</pr8>
            <pr9>0</pr9>
            <pr10>0</pr10>
        </phase_rms>
        <additional1></additional1>
        <additional2></additional2>
    </D2022-03-17_T10-16-54>
    <D2022-03-17_T10-17-12>
        <datetime>2022-03-17T10:17:12</datetime>
        <serialnumber>n985</serialnumber>
        <TS>37032</TS>
        <frequency>
            <f0>976.563</f0>
            <f1>1953.13</f1>
            <f2>3906.25</f2>
            <f3>7812.5</f3>
            <f4>15625</f4>
            <f5>31250</f5>
            <f6>62500</f6>
            <f7>125000</f7>
            <f8>250000</f8>
            <f9>500000</f9>
            <f10>1e+06</f10>
        </frequency>
        <amplitude>
            <a0>60.5361</a0>
            <a1>60.6602</a1>
            <a2>60.8279</a2>
            <a3>60.0602</a3>
            <a4>59.6646</a4>
            <a5>58.2181</a5>
            <a6>57.1818</a6>
            <a7>55.7991</a7>
            <a8>54.6179</a8>
            <a9>52.4118</a9>
            <a10>48.1045</a10>
        </amplitude>
        <phase>
            <p0>7.85331</p0>
            <p1>6.85247</p1>
            <p2>8.06124</p2>
            <p3>8.16498</p3>
            <p4>8.97263</p4>
            <p5>9.71325</p5>
            <p6>11.2083</p6>
            <p7>13.3925</p7>
            <p8>17.0629</p8>
            <p9>24.1633</p9>
            <p10>33.6047</p10>
        </phase>
        <amplitude_rms>
            <ar0>0</ar0>
            <ar1>0</ar1>
            <ar2>0</ar2>
            <ar3>0</ar3>
            <ar4>0</ar4>
            <ar5>0</ar5>
            <ar6>0</ar6>
            <ar7>0</ar7>
            <ar8>0</ar8>
            <ar9>0</ar9>
            <ar10>0</ar10>
        </amplitude_rms>
        <phase_rms>
            <pr0>0</pr0>
            <pr1>0</pr1>
            <pr2>0</pr2>
            <pr3>0</pr3>
            <pr4>0</pr4>
            <pr5>0</pr5>
            <pr6>0</pr6>
            <pr7>0</pr7>
            <pr8>0</pr8>
            <pr9>0</pr9>
            <pr10>0</pr10>
        </phase_rms>
        <additional1></additional1>
        <additional2></additional2>
    </D2022-03-17_T10-17-12>
    <D2022-03-17_T10-17-33>
        <datetime>2022-03-17T10:17:33</datetime>
        <serialnumber>n985</serialnumber>
        <TS>37053</TS>
        <frequency>
            <f0>976.563</f0>
            <f1>1953.13</f1>
            <f2>3906.25</f2>
            <f3>7812.5</f3>
            <f4>15625</f4>
            <f5>31250</f5>
            <f6>62500</f6>
            <f7>125000</f7>
            <f8>250000</f8>
            <f9>500000</f9>
            <f10>1e+06</f10>
        </frequency>
        <amplitude>
            <a0>54.3703</a0>
            <a1>61.3398</a1>
            <a2>61.3763</a2>
            <a3>60.6861</a3>
            <a4>59.4503</a4>
            <a5>58.5169</a5>
            <a6>57.1321</a6>
            <a7>55.8595</a7>
            <a8>54.4476</a8>
            <a9>52.0479</a9>
            <a10>46.8884</a10>
        </amplitude>
        <phase>
            <p0>3.27049</p0>
            <p1>7.99352</p1>
            <p2>8.23248</p2>
            <p3>8.82038</p3>
            <p4>9.25755</p4>
            <p5>9.92001</p5>
            <p6>10.9541</p6>
            <p7>13.6504</p7>
            <p8>17.4027</p8>
            <p9>24.6559</p9>
            <p10>33.0768</p10>
        </phase>
        <amplitude_rms>
            <ar0>0</ar0>
            <ar1>0</ar1>
            <ar2>0</ar2>
            <ar3>0</ar3>
            <ar4>0</ar4>
            <ar5>0</ar5>
            <ar6>0</ar6>
            <ar7>0</ar7>
            <ar8>0</ar8>
            <ar9>0</ar9>
            <ar10>0</ar10>
        </amplitude_rms>
        <phase_rms>
            <pr0>0</pr0>
            <pr1>0</pr1>
            <pr2>0</pr2>
            <pr3>0</pr3>
            <pr4>0</pr4>
            <pr5>0</pr5>
            <pr6>0</pr6>
            <pr7>0</pr7>
            <pr8>0</pr8>
            <pr9>0</pr9>
            <pr10>0</pr10>
        </phase_rms>
        <additional1></additional1>
        <additional2></additional2>
    </D2022-03-17_T10-17-33>
    <D2022-03-17_T10-17-54>
        <datetime>2022-03-17T10:17:54</datetime>
        <serialnumber>n985</serialnumber>
        <TS>37074</TS>
        <frequency>
            <f0>976.563</f0>
            <f1>1953.13</f1>
            <f2>3906.25</f2>
            <f3>7812.5</f3>
            <f4>15625</f4>
            <f5>31250</f5>
            <f6>62500</f6>
            <f7>125000</f7>
            <f8>250000</f8>
            <f9>500000</f9>
            <f10>1e+06</f10>
        </frequency>
        <amplitude>
            <a0>60.7576</a0>
            <a1>60.2113</a1>
            <a2>60.572</a2>
            <a3>60.3532</a3>
            <a4>59.3305</a4>
            <a5>58.1751</a5>
            <a6>57.1818</a6>
            <a7>56.1108</a7>
            <a8>54.4476</a8>
            <a9>52.0479</a9>
            <a10>47.604</a10>
        </amplitude>
        <phase>
            <p0>7.57854</p0>
            <p1>7.39959</p1>
            <p2>8.09552</p2>
            <p3>8.37303</p3>
            <p4>8.51842</p4>
            <p5>9.46232</p5>
            <p6>11.2083</p6>
            <p7>13.5881</p7>
            <p8>17.4027</p8>
            <p9>24.6559</p9>
            <p10>33.2586</p10>
        </phase>
        <amplitude_rms>
            <ar0>0</ar0>
            <ar1>0</ar1>
            <ar2>0</ar2>
            <ar3>0</ar3>
            <ar4>0</ar4>
            <ar5>0</ar5>
            <ar6>0</ar6>
            <ar7>0</ar7>
            <ar8>0</ar8>
            <ar9>0</ar9>
            <ar10>0</ar10>
        </amplitude_rms>
        <phase_rms>
            <pr0>0</pr0>
            <pr1>0</pr1>
            <pr2>0</pr2>
            <pr3>0</pr3>
            <pr4>0</pr4>
            <pr5>0</pr5>
            <pr6>0</pr6>
            <pr7>0</pr7>
            <pr8>0</pr8>
            <pr9>0</pr9>
            <pr10>0</pr10>
        </phase_rms>
        <additional1></additional1>
        <additional2></additional2>
    </D2022-03-17_T10-17-54>
    <D2022-03-17_T10-18-13>
        <datetime>2022-03-17T10:18:13</datetime>
        <serialnumber>n985</serialnumber>
        <TS>37093</TS>
        <frequency>
            <f0>976.563</f0>
            <f1>1953.13</f1>
            <f2>3906.25</f2>
            <f3>7812.5</f3>
            <f4>15625</f4>
            <f5>31250</f5>
            <f6>62500</f6>
            <f7>125000</f7>
            <f8>250000</f8>
            <f9>500000</f9>
            <f10>1e+06</f10>
        </frequency>
        <amplitude>
            <a0>61.708</a0>
            <a1>61.197</a1>
            <a2>60.2452</a2>
            <a3>59.8044</a3>
            <a4>59.0749</a4>
            <a5>58.1751</a5>
            <a6>57.4859</a6>
            <a7>56.1721</a7>
            <a8>54.5255</a8>
            <a9>50.0272</a9>
            <a10>47.8894</a10>
        </amplitude>
        <phase>
            <p0>8.67317</p0>
            <p1>8.74616</p1>
            <p2>7.64338</p2>
            <p3>8.20015</p3>
            <p4>8.55556</p4>
            <p5>9.46232</p5>
            <p6>11.411</p6>
            <p7>13.8444</p7>
            <p8>17.6619</p8>
            <p9>18.9967</p9>
            <p10>33.7758</p10>
        </phase>
        <amplitude_rms>
            <ar0>0</ar0>
            <ar1>0</ar1>
            <ar2>0</ar2>
            <ar3>0</ar3>
            <ar4>0</ar4>
            <ar5>0</ar5>
            <ar6>0</ar6>
            <ar7>0</ar7>
            <ar8>0</ar8>
            <ar9>0</ar9>
            <ar10>0</ar10>
        </amplitude_rms>
        <phase_rms>
            <pr0>0</pr0>
            <pr1>0</pr1>
            <pr2>0</pr2>
            <pr3>0</pr3>
            <pr4>0</pr4>
            <pr5>0</pr5>
            <pr6>0</pr6>
            <pr7>0</pr7>
            <pr8>0</pr8>
            <pr9>0</pr9>
            <pr10>0</pr10>
        </phase_rms>
        <additional1></additional1>
        <additional2></additional2>
    </D2022-03-17_T10-18-13>
    <D2022-03-17_T10-18-33>
        <datetime>2022-03-17T10:18:33</datetime>
        <serialnumber>n985</serialnumber>
        <TS>37113</TS>
        <frequency>
            <f0>976.563</f0>
            <f1>1953.13</f1>
            <f2>3906.25</f2>
            <f3>7812.5</f3>
            <f4>15625</f4>
            <f5>31250</f5>
            <f6>62500</f6>
            <f7>125000</f7>
            <f8>250000</f8>
            <f9>500000</f9>
            <f10>1e+06</f10>
        </frequency>
        <amplitude>
            <a0>60.7922</a0>
            <a1>60.5014</a1>
            <a2>60.5361</a2>
            <a3>60.0975</a3>
            <a4>59.3693</a4>
            <a5>60.5874</a5>
            <a6>58.0963</a6>
            <a7>56.799</a7>
            <a8>54.7719</a8>
            <a9>52.734</a9>
            <a10>47.8203</a10>
        </amplitude>
        <phase>
            <p0>7.82003</p0>
            <p1>7.61082</p1>
            <p2>7.85331</p2>
            <p3>8.40891</p3>
            <p4>8.76513</p4>
            <p5>12.3167</p5>
            <p6>11.8099</p6>
            <p7>14.226</p7>
            <p8>17.5799</p8>
            <p9>24.9321</p9>
            <p10>33.0888</p10>
        </phase>
        <amplitude_rms>
            <ar0>0</ar0>
            <ar1>0</ar1>
            <ar2>0</ar2>
            <ar3>0</ar3>
            <ar4>0</ar4>
            <ar5>0</ar5>
            <ar6>0</ar6>
            <ar7>0</ar7>
            <ar8>0</ar8>
            <ar9>0</ar9>
            <ar10>0</ar10>
        </amplitude_rms>
        <phase_rms>
            <pr0>0</pr0>
            <pr1>0</pr1>
            <pr2>0</pr2>
            <pr3>0</pr3>
            <pr4>0</pr4>
            <pr5>0</pr5>
            <pr6>0</pr6>
            <pr7>0</pr7>
            <pr8>0</pr8>
            <pr9>0</pr9>
            <pr10>0</pr10>
        </phase_rms>
        <additional1></additional1>
        <additional2></additional2>
    </D2022-03-17_T10-18-33>
    <D2022-03-17_T10-18-56>
        <datetime>2022-03-17T10:18:56</datetime>
        <serialnumber>n985</serialnumber>
        <TS>37136</TS>
        <frequency>
            <f0>976.563</f0>
            <f1>1953.13</f1>
            <f2>3906.25</f2>
            <f3>7812.5</f3>
            <f4>15625</f4>
            <f5>31250</f5>
            <f6>62500</f6>
            <f7>125000</f7>
            <f8>250000</f8>
            <f9>500000</f9>
            <f10>1e+06</f10>
        </frequency>
        <amplitude>
            <a0>60.572</a0>
            <a1>60.2113</a1>
            <a2>60.2801</a2>
            <a3>58.2049</a3>
            <a4>59.003</a4>
            <a5>60.0714</a5>
            <a6>57.8434</a6>
            <a7>57.0496</a7>
            <a8>54.7719</a8>
            <a9>53.3117</a9>
            <a10>46.4697</a10>
        </amplitude>
        <phase>
            <p0>8.09552</p0>
            <p1>7.39959</p1>
            <p2>7.88688</p2>
            <p3>5.8625</p3>
            <p4>2.76213</p4>
            <p5>11.1649</p5>
            <p6>11.8623</p6>
            <p7>14.1622</p7>
            <p8>17.5799</p8>
            <p9>24.9498</p9>
            <p10>32.2756</p10>
        </phase>
        <amplitude_rms>
            <ar0>0</ar0>
            <ar1>0</ar1>
            <ar2>0</ar2>
            <ar3>0</ar3>
            <ar4>0</ar4>
            <ar5>0</ar5>
            <ar6>0</ar6>
            <ar7>0</ar7>
            <ar8>0</ar8>
            <ar9>0</ar9>
            <ar10>0</ar10>
        </amplitude_rms>
        <phase_rms>
            <pr0>0</pr0>
            <pr1>0</pr1>
            <pr2>0</pr2>
            <pr3>0</pr3>
            <pr4>0</pr4>
            <pr5>0</pr5>
            <pr6>0</pr6>
            <pr7>0</pr7>
            <pr8>0</pr8>
            <pr9>0</pr9>
            <pr10>0</pr10>
        </phase_rms>
        <additional1></additional1>
        <additional2></additional2>
    </D2022-03-17_T10-18-56>
    <D2022-03-17_T10-19-22>
        <datetime>2022-03-17T10:19:22</datetime>
        <serialnumber>n985</serialnumber>
        <TS>37162</TS>
        <frequency>
            <f0>976.563</f0>
            <f1>1953.13</f1>
            <f2>3906.25</f2>
            <f3>7812.5</f3>
            <f4>15625</f4>
            <f5>31250</f5>
            <f6>62500</f6>
            <f7>125000</f7>
            <f8>250000</f8>
            <f9>500000</f9>
            <f10>1e+06</f10>
        </frequency>
        <amplitude>
            <a0>62.6802</a0>
            <a1>60.724</a1>
            <a2>60.5361</a2>
            <a3>60.0602</a3>
            <a4>59.3693</a4>
            <a5>58.4301</a5>
            <a6>57.7393</a6>
            <a7>56.4231</a7>
            <a8>54.1474</a8>
            <a9>52.9685</a9>
            <a10>48.1781</a10>
        </amplitude>
        <phase>
            <p0>9.73423</p0>
            <p1>7.33677</p1>
            <p2>7.85331</p2>
            <p3>8.16498</p3>
            <p4>8.76513</p4>
            <p5>9.42065</p5>
            <p6>11.3602</p6>
            <p7>13.7816</p7>
            <p8>16.3587</p8>
            <p9>24.8142</p9>
            <p10>33.1785</p10>
        </phase>
        <amplitude_rms>
            <ar0>0</ar0>
            <ar1>0</ar1>
            <ar2>0</ar2>
            <ar3>0</ar3>
            <ar4>0</ar4>
            <ar5>0</ar5>
            <ar6>0</ar6>
            <ar7>0</ar7>
            <ar8>0</ar8>
            <ar9>0</ar9>
            <ar10>0</ar10>
        </amplitude_rms>
        <phase_rms>
            <pr0>0</pr0>
            <pr1>0</pr1>
            <pr2>0</pr2>
            <pr3>0</pr3>
            <pr4>0</pr4>
            <pr5>0</pr5>
            <pr6>0</pr6>
            <pr7>0</pr7>
            <pr8>0</pr8>
            <pr9>0</pr9>
            <pr10>0</pr10>
        </phase_rms>
        <additional1></additional1>
        <additional2></additional2>
    </D2022-03-17_T10-19-22>
    <D2022-03-17_T10-19-43>
        <datetime>2022-03-17T10:19:43</datetime>
        <serialnumber>n985</serialnumber>
        <TS>37183</TS>
        <frequency>
            <f0>976.563</f0>
            <f1>1953.13</f1>
            <f2>3906.25</f2>
            <f3>7812.5</f3>
            <f4>15625</f4>
            <f5>31250</f5>
            <f6>62500</f6>
            <f7>125000</f7>
            <f8>250000</f8>
            <f9>500000</f9>
            <f10>1e+06</f10>
        </frequency>
        <amplitude>
            <a0>61.1205</a0>
            <a1>60.7576</a1>
            <a2>60.4677</a2>
            <a3>60.0602</a3>
            <a4>59.4093</a4>
            <a5>58.0923</a5>
            <a6>56.8783</a6>
            <a7>56.1108</a7>
            <a8>54.6943</a8>
            <a9>52.2829</a9>
            <a10>47.3224</a10>
        </amplitude>
        <phase>
            <p0>8.26717</p0>
            <p1>7.57854</p1>
            <p2>7.36805</p2>
            <p3>8.16498</p3>
            <p4>9.01151</p4>
            <p5>8.95937</p5>
            <p6>11.0035</p6>
            <p7>13.5881</p7>
            <p8>17.3217</p8>
            <p9>24.5377</p9>
            <p10>32.7352</p10>
        </phase>
        <amplitude_rms>
            <ar0>0</ar0>
            <ar1>0</ar1>
            <ar2>0</ar2>
            <ar3>0</ar3>
            <ar4>0</ar4>
            <ar5>0</ar5>
            <ar6>0</ar6>
            <ar7>0</ar7>
            <ar8>0</ar8>
            <ar9>0</ar9>
            <ar10>0</ar10>
        </amplitude_rms>
        <phase_rms>
            <pr0>0</pr0>
            <pr1>0</pr1>
            <pr2>0</pr2>
            <pr3>0</pr3>
            <pr4>0</pr4>
            <pr5>0</pr5>
            <pr6>0</pr6>
            <pr7>0</pr7>
            <pr8>0</pr8>
            <pr9>0</pr9>
            <pr10>0</pr10>
        </phase_rms>
        <additional1></additional1>
        <additional2></additional2>
    </D2022-03-17_T10-19-43>
    <D2022-03-17_T10-20-08>
        <datetime>2022-03-17T10:20:08</datetime>
        <serialnumber>n985</serialnumber>
        <TS>37208</TS>
        <frequency>
            <f0>976.563</f0>
            <f1>1953.13</f1>
            <f2>3906.25</f2>
            <f3>7812.5</f3>
            <f4>15625</f4>
            <f5>31250</f5>
            <f6>62500</f6>
            <f7>125000</f7>
            <f8>250000</f8>
            <f9>500000</f9>
            <f10>1e+06</f10>
        </frequency>
        <amplitude>
            <a0>61.1205</a0>
            <a1>60.7576</a1>
            <a2>60.2452</a2>
            <a3>60.0602</a3>
            <a4>58.4198</a4>
            <a5>59.4177</a5>
            <a6>57.897</a6>
            <a7>58.3769</a7>
            <a8>54.4476</a8>
            <a9>52.3908</a9>
            <a10>46.6083</a10>
        </amplitude>
        <phase>
            <p0>8.26717</p0>
            <p1>7.57854</p1>
            <p2>7.64338</p2>
            <p3>8.16498</p3>
            <p4>0.507029</p4>
            <p5>10.5278</p5>
            <p6>12.1126</p6>
            <p7>15.1439</p7>
            <p8>17.4027</p8>
            <p9>24.7949</p9>
            <p10>32.5443</p10>
        </phase>
        <amplitude_rms>
            <ar0>0</ar0>
            <ar1>0</ar1>
            <ar2>0</ar2>
            <ar3>0</ar3>
            <ar4>0</ar4>
            <ar5>0</ar5>
            <ar6>0</ar6>
            <ar7>0</ar7>
            <ar8>0</ar8>
            <ar9>0</ar9>
            <ar10>0</ar10>
        </amplitude_rms>
        <phase_rms>
            <pr0>0</pr0>
            <pr1>0</pr1>
            <pr2>0</pr2>
            <pr3>0</pr3>
            <pr4>0</pr4>
            <pr5>0</pr5>
            <pr6>0</pr6>
            <pr7>0</pr7>
            <pr8>0</pr8>
            <pr9>0</pr9>
            <pr10>0</pr10>
        </phase_rms>
        <additional1></additional1>
        <additional2></additional2>
    </D2022-03-17_T10-20-08>
    <D2022-03-17_T10-20-37>
        <datetime>2022-03-17T10:20:37</datetime>
        <serialnumber>n985</serialnumber>
        <TS>37237</TS>
        <frequency>
            <f0>976.563</f0>
            <f1>1953.13</f1>
            <f2>3906.25</f2>
            <f3>7812.5</f3>
            <f4>15625</f4>
            <f5>31250</f5>
            <f6>62500</f6>
            <f7>125000</f7>
            <f8>250000</f8>
            <f9>500000</f9>
            <f10>1e+06</f10>
        </frequency>
        <amplitude>
            <a0>60.7922</a0>
            <a1>60.4351</a1>
            <a2>60.5361</a2>
            <a3>60.0602</a3>
            <a4>59.0749</a4>
            <a5>58.1751</a5>
            <a6>57.1818</a6>
            <a7>55.8595</a7>
            <a8>54.4476</a8>
            <a9>52.4997</a9>
            <a10>46.7478</a10>
        </amplitude>
        <phase>
            <p0>7.82003</p0>
            <p1>7.12502</p1>
            <p2>7.85331</p2>
            <p3>8.16498</p3>
            <p4>8.55556</p4>
            <p5>9.46232</p5>
            <p6>11.2083</p6>
            <p7>13.6504</p7>
            <p8>17.4027</p8>
            <p9>25.051</p9>
            <p10>32.8114</p10>
        </phase>
        <amplitude_rms>
            <ar0>0</ar0>
            <ar1>0</ar1>
            <ar2>0</ar2>
            <ar3>0</ar3>
            <ar4>0</ar4>
            <ar5>0</ar5>
            <ar6>0</ar6>
            <ar7>0</ar7>
            <ar8>0</ar8>
            <ar9>0</ar9>
            <ar10>0</ar10>
        </amplitude_rms>
        <phase_rms>
            <pr0>0</pr0>
            <pr1>0</pr1>
            <pr2>0</pr2>
            <pr3>0</pr3>
            <pr4>0</pr4>
            <pr5>0</pr5>
            <pr6>0</pr6>
            <pr7>0</pr7>
            <pr8>0</pr8>
            <pr9>0</pr9>
            <pr10>0</pr10>
        </phase_rms>
        <additional1></additional1>
        <additional2></additional2>
    </D2022-03-17_T10-20-37>
    <D2022-03-17_T10-21-03>
        <datetime>2022-03-17T10:21:03</datetime>
        <serialnumber>n985</serialnumber>
        <TS>37263</TS>
        <frequency>
            <f0>976.563</f0>
            <f1>1953.13</f1>
            <f2>3906.25</f2>
            <f3>7812.5</f3>
            <f4>15625</f4>
            <f5>31250</f5>
            <f6>62500</f6>
            <f7>125000</f7>
            <f8>250000</f8>
            <f9>500000</f9>
            <f10>1e+06</f10>
        </frequency>
        <amplitude>
            <a0>60.572</a0>
            <a1>60.724</a1>
            <a2>60.7922</a2>
            <a3>48.6198</a3>
            <a4>59.037</a4>
            <a5>58.2181</a5>
            <a6>57.4353</a6>
            <a7>56.1108</a7>
            <a8>54.201</a8>
            <a9>52.1562</a9>
            <a10>46.6885</a10>
        </amplitude>
        <phase>
            <p0>8.09552</p0>
            <p1>7.33677</p1>
            <p2>7.82003</p2>
            <p3>1.82797</p3>
            <p4>8.30749</p4>
            <p5>9.71325</p5>
            <p6>11.1582</p6>
            <p7>13.5881</p7>
            <p8>17.4844</p8>
            <p9>24.914</p9>
            <p10>32.1063</p10>
        </phase>
        <amplitude_rms>
            <ar0>0</ar0>
            <ar1>0</ar1>
            <ar2>0</ar2>
            <ar3>0</ar3>
            <ar4>0</ar4>
            <ar5>0</ar5>
            <ar6>0</ar6>
            <ar7>0</ar7>
            <ar8>0</ar8>
            <ar9>0</ar9>
            <ar10>0</ar10>
        </amplitude_rms>
        <phase_rms>
            <pr0>0</pr0>
            <pr1>0</pr1>
            <pr2>0</pr2>
            <pr3>0</pr3>
            <pr4>0</pr4>
            <pr5>0</pr5>
            <pr6>0</pr6>
            <pr7>0</pr7>
            <pr8>0</pr8>
            <pr9>0</pr9>
            <pr10>0</pr10>
        </phase_rms>
        <additional1></additional1>
        <additional2></additional2>
    </D2022-03-17_T10-21-03>
    <D2022-03-17_T10-21-42>
        <datetime>2022-03-17T10:21:42</datetime>
        <serialnumber>n985</serialnumber>
        <TS>37302</TS>
        <frequency>
            <f0>976.563</f0>
            <f1>1953.13</f1>
            <f2>3906.25</f2>
            <f3>7812.5</f3>
            <f4>15625</f4>
            <f5>31250</f5>
            <f6>62500</f6>
            <f7>125000</f7>
            <f8>250000</f8>
            <f9>500000</f9>
            <f10>1e+06</f10>
        </frequency>
        <amplitude>
            <a0>60.3161</a0>
            <a1>60.4677</a1>
            <a2>61.5747</a2>
            <a3>59.7681</a3>
            <a4>59.4093</a4>
            <a5>58.1751</a5>
            <a6>57.4353</a6>
            <a7>56.1108</a7>
            <a8>54.2793</a8>
            <a9>52.3908</a9>
            <a10>46.5516</a10>
        </amplitude>
        <phase>
            <p0>8.1301</p0>
            <p1>7.36805</p1>
            <p2>9.42278</p2>
            <p3>7.95489</p3>
            <p4>9.01151</p4>
            <p5>9.46232</p5>
            <p6>11.1582</p6>
            <p7>13.5881</p7>
            <p8>17.7447</p8>
            <p9>24.7949</p9>
            <p10>31.8368</p10>
        </phase>
        <amplitude_rms>
            <ar0>0</ar0>
            <ar1>0</ar1>
            <ar2>0</ar2>
            <ar3>0</ar3>
            <ar4>0</ar4>
            <ar5>0</ar5>
            <ar6>0</ar6>
            <ar7>0</ar7>
            <ar8>0</ar8>
            <ar9>0</ar9>
            <ar10>0</ar10>
        </amplitude_rms>
        <phase_rms>
            <pr0>0</pr0>
            <pr1>0</pr1>
            <pr2>0</pr2>
            <pr3>0</pr3>
            <pr4>0</pr4>
            <pr5>0</pr5>
            <pr6>0</pr6>
            <pr7>0</pr7>
            <pr8>0</pr8>
            <pr9>0</pr9>
            <pr10>0</pr10>
        </phase_rms>
        <additional1></additional1>
        <additional2></additional2>
    </D2022-03-17_T10-21-42>
    <D2022-03-17_T10-22-17>
        <datetime>2022-03-17T10:22:17</datetime>
        <serialnumber>n985</serialnumber>
        <TS>37337</TS>
        <frequency>
            <f0>976.563</f0>
            <f1>1953.13</f1>
            <f2>3906.25</f2>
            <f3>7812.5</f3>
            <f4>15625</f4>
            <f5>31250</f5>
            <f6>62500</f6>
            <f7>125000</f7>
            <f8>250000</f8>
            <f9>500000</f9>
            <f10>1e+06</f10>
        </frequency>
        <amplitude>
            <a0>60.7922</a0>
            <a1>60.7576</a1>
            <a2>60.5361</a2>
            <a3>59.989</a3>
            <a4>62.1035</a4>
            <a5>57.878</a5>
            <a6>57.1818</a6>
            <a7>56.1721</a7>
            <a8>54.4476</a8>
            <a9>52.0479</a9>
            <a10>46.5516</a10>
        </amplitude>
        <phase>
            <p0>7.82003</p0>
            <p1>7.57854</p1>
            <p2>7.85331</p2>
            <p3>7.67621</p3>
            <p4>12.0115</p4>
            <p5>9.25199</p5>
            <p6>11.2083</p6>
            <p7>13.8444</p7>
            <p8>17.4027</p8>
            <p9>24.6559</p9>
            <p10>31.8368</p10>
        </phase>
        <amplitude_rms>
            <ar0>0</ar0>
            <ar1>0</ar1>
            <ar2>0</ar2>
            <ar3>0</ar3>
            <ar4>0</ar4>
            <ar5>0</ar5>
            <ar6>0</ar6>
            <ar7>0</ar7>
            <ar8>0</ar8>
            <ar9>0</ar9>
            <ar10>0</ar10>
        </amplitude_rms>
        <phase_rms>
            <pr0>0</pr0>
            <pr1>0</pr1>
            <pr2>0</pr2>
            <pr3>0</pr3>
            <pr4>0</pr4>
            <pr5>0</pr5>
            <pr6>0</pr6>
            <pr7>0</pr7>
            <pr8>0</pr8>
            <pr9>0</pr9>
            <pr10>0</pr10>
        </phase_rms>
        <additional1></additional1>
        <additional2></additional2>
    </D2022-03-17_T10-22-17>
    <D2022-03-17_T10-22-51>
        <datetime>2022-03-17T10:22:51</datetime>
        <serialnumber>n985</serialnumber>
        <TS>37371</TS>
        <frequency>
            <f0>976.563</f0>
            <f1>1953.13</f1>
            <f2>3906.25</f2>
            <f3>7812.5</f3>
            <f4>15625</f4>
            <f5>31250</f5>
            <f6>62500</f6>
            <f7>125000</f7>
            <f8>250000</f8>
            <f9>500000</f9>
            <f10>1e+06</f10>
        </frequency>
        <amplitude>
            <a0>60.5361</a0>
            <a1>60.7576</a1>
            <a2>60.2801</a2>
            <a3>60.0602</a3>
            <a4>59.3693</a4>
            <a5>58.4729</a5>
            <a6>57.4859</a6>
            <a7>56.1108</a7>
            <a8>54.1239</a8>
            <a9>42.2399</a9>
            <a10>50.9319</a10>
        </amplitude>
        <phase>
            <p0>7.85331</p0>
            <p1>7.57854</p1>
            <p2>7.88688</p2>
            <p3>8.16498</p3>
            <p4>8.76513</p4>
            <p5>9.67052</p5>
            <p6>11.411</p6>
            <p7>13.5881</p7>
            <p8>17.2234</p8>
            <p9>21.541</p9>
            <p10>35.7067</p10>
        </phase>
        <amplitude_rms>
            <ar0>0</ar0>
            <ar1>0</ar1>
            <ar2>0</ar2>
            <ar3>0</ar3>
            <ar4>0</ar4>
            <ar5>0</ar5>
            <ar6>0</ar6>
            <ar7>0</ar7>
            <ar8>0</ar8>
            <ar9>0</ar9>
            <ar10>0</ar10>
        </amplitude_rms>
        <phase_rms>
            <pr0>0</pr0>
            <pr1>0</pr1>
            <pr2>0</pr2>
            <pr3>0</pr3>
            <pr4>0</pr4>
            <pr5>0</pr5>
            <pr6>0</pr6>
            <pr7>0</pr7>
            <pr8>0</pr8>
            <pr9>0</pr9>
            <pr10>0</pr10>
        </phase_rms>
        <additional1></additional1>
        <additional2></additional2>
    </D2022-03-17_T10-22-51>
    <D2022-03-17_T10-23-32>
        <datetime>2022-03-17T10:23:32</datetime>
        <serialnumber>n985</serialnumber>
        <TS>37412</TS>
        <frequency>
            <f0>976.563</f0>
            <f1>1953.13</f1>
            <f2>3906.25</f2>
            <f3>7812.5</f3>
            <f4>15625</f4>
            <f5>31250</f5>
            <f6>62500</f6>
            <f7>125000</f7>
            <f8>250000</f8>
            <f9>500000</f9>
            <f10>1e+06</f10>
        </frequency>
        <amplitude>
            <a0>60.8647</a0>
            <a1>60.2452</a1>
            <a2>60.2452</a2>
            <a3>60.0975</a3>
            <a4>59.3693</a4>
            <a5>58.1331</a5>
            <a6>57.1818</a6>
            <a7>56.1108</a7>
            <a8>54.5255</a8>
            <a9>52.0479</a9>
            <a10>46.8264</a10>
        </amplitude>
        <phase>
            <p0>8.30216</p0>
            <p1>7.64338</p1>
            <p2>7.64338</p2>
            <p3>8.40891</p3>
            <p4>8.76513</p4>
            <p5>9.21103</p5>
            <p6>11.2083</p6>
            <p7>13.5881</p7>
            <p8>17.6619</p8>
            <p9>24.6559</p9>
            <p10>32.3742</p10>
        </phase>
        <amplitude_rms>
            <ar0>0</ar0>
            <ar1>0</ar1>
            <ar2>0</ar2>
            <ar3>0</ar3>
            <ar4>0</ar4>
            <ar5>0</ar5>
            <ar6>0</ar6>
            <ar7>0</ar7>
            <ar8>0</ar8>
            <ar9>0</ar9>
            <ar10>0</ar10>
        </amplitude_rms>
        <phase_rms>
            <pr0>0</pr0>
            <pr1>0</pr1>
            <pr2>0</pr2>
            <pr3>0</pr3>
            <pr4>0</pr4>
            <pr5>0</pr5>
            <pr6>0</pr6>
            <pr7>0</pr7>
            <pr8>0</pr8>
            <pr9>0</pr9>
            <pr10>0</pr10>
        </phase_rms>
        <additional1></additional1>
        <additional2></additional2>
    </D2022-03-17_T10-23-32>
    <D2022-03-17_T10-24-14>
        <datetime>2022-03-17T10:24:14</datetime>
        <serialnumber>n985</serialnumber>
        <TS>37454</TS>
        <frequency>
            <f0>976.563</f0>
            <f1>1953.13</f1>
            <f2>3906.25</f2>
            <f3>7812.5</f3>
            <f4>15625</f4>
            <f5>31250</f5>
            <f6>62500</f6>
            <f7>125000</f7>
            <f8>250000</f8>
            <f9>500000</f9>
            <f10>1e+06</f10>
        </frequency>
        <amplitude>
            <a0>60.8647</a0>
            <a1>60.5014</a1>
            <a2>60.5014</a2>
            <a3>59.8044</a3>
            <a4>58.8193</a4>
            <a5>58.4301</a5>
            <a6>56.4621</a6>
            <a7>58.1274</a7>
            <a8>58.8755</a8>
            <a9>52.0479</a9>
            <a10>46.3322</a10>
        </amplitude>
        <phase>
            <p0>8.30216</p0>
            <p1>7.61082</p1>
            <p2>7.61082</p2>
            <p3>8.20015</p3>
            <p4>8.59302</p4>
            <p5>9.42065</p5>
            <p6>6.57192</p6>
            <p7>15.2104</p7>
            <p8>20.0261</p8>
            <p9>24.6559</p9>
            <p10>32.0054</p10>
        </phase>
        <amplitude_rms>
            <ar0>0</ar0>
            <ar1>0</ar1>
            <ar2>0</ar2>
            <ar3>0</ar3>
            <ar4>0</ar4>
            <ar5>0</ar5>
            <ar6>0</ar6>
            <ar7>0</ar7>
            <ar8>0</ar8>
            <ar9>0</ar9>
            <ar10>0</ar10>
        </amplitude_rms>
        <phase_rms>
            <pr0>0</pr0>
            <pr1>0</pr1>
            <pr2>0</pr2>
            <pr3>0</pr3>
            <pr4>0</pr4>
            <pr5>0</pr5>
            <pr6>0</pr6>
            <pr7>0</pr7>
            <pr8>0</pr8>
            <pr9>0</pr9>
            <pr10>0</pr10>
        </phase_rms>
        <additional1></additional1>
        <additional2></additional2>
    </D2022-03-17_T10-24-14>
    <D2022-03-17_T10-26-38>
        <datetime>2022-03-17T10:26:38</datetime>
        <serialnumber>n985</serialnumber>
        <TS>37598</TS>
        <frequency>
            <f0>976.563</f0>
            <f1>1953.13</f1>
            <f2>3906.25</f2>
            <f3>7812.5</f3>
            <f4>15625</f4>
            <f5>31250</f5>
            <f6>62500</f6>
            <f7>125000</f7>
            <f8>250000</f8>
            <f9>500000</f9>
            <f10>1e+06</f10>
        </frequency>
        <amplitude>
            <a0>61.1205</a0>
            <a1>60.7576</a1>
            <a2>60.5014</a2>
            <a3>60.0241</a3>
            <a4>59.3693</a4>
            <a5>58.7277</a5>
            <a6>57.4353</a6>
            <a7>56.1108</a7>
            <a8>54.7719</a8>
            <a9>52.4997</a9>
            <a10>46.4158</a10>
        </amplitude>
        <phase>
            <p0>8.26717</p0>
            <p1>7.57854</p1>
            <p2>7.61082</p2>
            <p3>7.92074</p3>
            <p4>8.76513</p4>
            <p5>9.62816</p5>
            <p6>11.1582</p6>
            <p7>13.5881</p7>
            <p8>17.5799</p8>
            <p9>25.051</p9>
            <p10>31.5657</p10>
        </phase>
        <amplitude_rms>
            <ar0>0</ar0>
            <ar1>0</ar1>
            <ar2>0</ar2>
            <ar3>0</ar3>
            <ar4>0</ar4>
            <ar5>0</ar5>
            <ar6>0</ar6>
            <ar7>0</ar7>
            <ar8>0</ar8>
            <ar9>0</ar9>
            <ar10>0</ar10>
        </amplitude_rms>
        <phase_rms>
            <pr0>0</pr0>
            <pr1>0</pr1>
            <pr2>0</pr2>
            <pr3>0</pr3>
            <pr4>0</pr4>
            <pr5>0</pr5>
            <pr6>0</pr6>
            <pr7>0</pr7>
            <pr8>0</pr8>
            <pr9>0</pr9>
            <pr10>0</pr10>
        </phase_rms>
        <additional1></additional1>
        <additional2></additional2>
    </D2022-03-17_T10-26-38>
    <D2022-03-17_T10-27-37>
        <datetime>2022-03-17T10:27:37</datetime>
        <serialnumber>n985</serialnumber>
        <TS>37657</TS>
        <frequency>
            <f0>976.563</f0>
            <f1>1953.13</f1>
            <f2>3906.25</f2>
            <f3>7812.5</f3>
            <f4>15625</f4>
            <f5>31250</f5>
            <f6>62500</f6>
            <f7>125000</f7>
            <f8>250000</f8>
            <f9>500000</f9>
            <f10>1e+06</f10>
        </frequency>
        <amplitude>
            <a0>61.3763</a0>
            <a1>60.724</a1>
            <a2>60.2113</a2>
            <a3>60.2801</a3>
            <a4>59.3305</a4>
            <a5>58.4301</a5>
            <a6>57.7393</a6>
            <a7>56.6741</a7>
            <a8>54.6943</a8>
            <a9>52.3908</a9>
            <a10>46.5516</a10>
        </amplitude>
        <phase>
            <p0>8.23248</p0>
            <p1>7.33677</p1>
            <p2>7.39959</p2>
            <p3>7.88688</p3>
            <p4>8.51842</p4>
            <p5>9.42065</p5>
            <p6>11.3602</p6>
            <p7>13.7193</p7>
            <p8>17.3217</p8>
            <p9>24.7949</p9>
            <p10>31.8368</p10>
        </phase>
        <amplitude_rms>
            <ar0>0</ar0>
            <ar1>0</ar1>
            <ar2>0</ar2>
            <ar3>0</ar3>
            <ar4>0</ar4>
            <ar5>0</ar5>
            <ar6>0</ar6>
            <ar7>0</ar7>
            <ar8>0</ar8>
            <ar9>0</ar9>
            <ar10>0</ar10>
        </amplitude_rms>
        <phase_rms>
            <pr0>0</pr0>
            <pr1>0</pr1>
            <pr2>0</pr2>
            <pr3>0</pr3>
            <pr4>0</pr4>
            <pr5>0</pr5>
            <pr6>0</pr6>
            <pr7>0</pr7>
            <pr8>0</pr8>
            <pr9>0</pr9>
            <pr10>0</pr10>
        </phase_rms>
        <additional1></additional1>
        <additional2></additional2>
    </D2022-03-17_T10-27-37>
    <D2022-03-17_T10-30-24>
        <datetime>2022-03-17T10:30:24</datetime>
        <serialnumber>n985</serialnumber>
        <TS>37824</TS>
        <frequency>
            <f0>976.563</f0>
            <f1>1953.13</f1>
            <f2>3906.25</f2>
            <f3>7812.5</f3>
            <f4>15625</f4>
            <f5>31250</f5>
            <f6>62500</f6>
            <f7>125000</f7>
            <f8>250000</f8>
            <f9>500000</f9>
            <f10>1e+06</f10>
        </frequency>
        <amplitude>
            <a0>60.8279</a0>
            <a1>62.2191</a1>
            <a2>62.404</a2>
            <a3>60.3161</a3>
            <a4>59.6248</a4>
            <a5>58.7277</a5>
            <a6>57.6889</a6>
            <a7>56.362</a7>
            <a8>55.0183</a8>
            <a9>52.8435</a9>
            <a10>46.9653</a10>
        </amplitude>
        <phase>
            <p0>8.06124</p0>
            <p1>8.60138</p1>
            <p2>10.9841</p2>
            <p3>8.1301</p3>
            <p4>8.72728</p4>
            <p5>9.62816</p5>
            <p6>11.1085</p6>
            <p7>13.5264</p7>
            <p8>17.4985</p8>
            <p9>25.1862</p9>
            <p10>32.6405</p10>
        </phase>
        <amplitude_rms>
            <ar0>0</ar0>
            <ar1>0</ar1>
            <ar2>0</ar2>
            <ar3>0</ar3>
            <ar4>0</ar4>
            <ar5>0</ar5>
            <ar6>0</ar6>
            <ar7>0</ar7>
            <ar8>0</ar8>
            <ar9>0</ar9>
            <ar10>0</ar10>
        </amplitude_rms>
        <phase_rms>
            <pr0>0</pr0>
            <pr1>0</pr1>
            <pr2>0</pr2>
            <pr3>0</pr3>
            <pr4>0</pr4>
            <pr5>0</pr5>
            <pr6>0</pr6>
            <pr7>0</pr7>
            <pr8>0</pr8>
            <pr9>0</pr9>
            <pr10>0</pr10>
        </phase_rms>
        <additional1></additional1>
        <additional2></additional2>
    </D2022-03-17_T10-30-24>
    <D2022-03-17_T10-32-15>
        <datetime>2022-03-17T10:32:15</datetime>
        <serialnumber>n985</serialnumber>
        <TS>37935</TS>
        <frequency>
            <f0>976.563</f0>
            <f1>1953.13</f1>
            <f2>3906.25</f2>
            <f3>7812.5</f3>
            <f4>15625</f4>
            <f5>31250</f5>
            <f6>62500</f6>
            <f7>125000</f7>
            <f8>250000</f8>
            <f9>500000</f9>
            <f10>1e+06</f10>
        </frequency>
        <amplitude>
            <a0>61.0839</a0>
            <a1>60.7576</a1>
            <a2>61.0839</a2>
            <a3>60.0241</a3>
            <a4>59.6248</a4>
            <a5>58.4301</a5>
            <a6>57.3859</a6>
            <a7>56.6741</a7>
            <a8>54.7719</a8>
            <a9>52.4997</a9>
            <a10>45.9259</a10>
        </amplitude>
        <phase>
            <p0>8.02724</p0>
            <p1>7.57854</p1>
            <p2>8.02724</p2>
            <p3>7.92074</p3>
            <p4>8.72728</p4>
            <p5>9.42065</p5>
            <p6>10.905</p6>
            <p7>13.7193</p7>
            <p8>17.5799</p8>
            <p9>25.051</p9>
            <p10>31.185</p10>
        </phase>
        <amplitude_rms>
            <ar0>0</ar0>
            <ar1>0</ar1>
            <ar2>0</ar2>
            <ar3>0</ar3>
            <ar4>0</ar4>
            <ar5>0</ar5>
            <ar6>0</ar6>
            <ar7>0</ar7>
            <ar8>0</ar8>
            <ar9>0</ar9>
            <ar10>0</ar10>
        </amplitude_rms>
        <phase_rms>
            <pr0>0</pr0>
            <pr1>0</pr1>
            <pr2>0</pr2>
            <pr3>0</pr3>
            <pr4>0</pr4>
            <pr5>0</pr5>
            <pr6>0</pr6>
            <pr7>0</pr7>
            <pr8>0</pr8>
            <pr9>0</pr9>
            <pr10>0</pr10>
        </phase_rms>
        <additional1></additional1>
        <additional2></additional2>
    </D2022-03-17_T10-32-15>
    <D2022-03-17_T10-34-26>
        <datetime>2022-03-17T10:34:26</datetime>
        <serialnumber>n985</serialnumber>
        <TS>38066</TS>
        <frequency>
            <f0>976.563</f0>
            <f1>1953.13</f1>
            <f2>3906.25</f2>
            <f3>7812.5</f3>
            <f4>15625</f4>
            <f5>31250</f5>
            <f6>62500</f6>
            <f7>125000</f7>
            <f8>250000</f8>
            <f9>500000</f9>
            <f10>1e+06</f10>
        </frequency>
        <amplitude>
            <a0>62.3998</a0>
            <a1>62.2953</a1>
            <a2>62.6199</a2>
            <a3>61.8518</a3>
            <a4>61.7475</a4>
            <a5>60.2158</a5>
            <a6>59.5143</a6>
            <a7>58.5546</a7>
            <a8>56.3288</a8>
            <a9>54.2331</a9>
            <a10>47.2122</a10>
        </amplitude>
        <phase>
            <p0>8.09654</p0>
            <p1>7.39041</p1>
            <p2>7.82908</p2>
            <p3>7.92693</p3>
            <p4>8.91028</p4>
            <p5>9.13885</p5>
            <p6>11.0171</p6>
            <p7>13.7909</p7>
            <p8>17.354</p8>
            <p9>25.0994</p9>
            <p10>31.3403</p10>
        </phase>
        <amplitude_rms>
            <ar0>0</ar0>
            <ar1>0</ar1>
            <ar2>0</ar2>
            <ar3>0</ar3>
            <ar4>0</ar4>
            <ar5>0</ar5>
            <ar6>0</ar6>
            <ar7>0</ar7>
            <ar8>0</ar8>
            <ar9>0</ar9>
            <ar10>0</ar10>
        </amplitude_rms>
        <phase_rms>
            <pr0>0</pr0>
            <pr1>0</pr1>
            <pr2>0</pr2>
            <pr3>0</pr3>
            <pr4>0</pr4>
            <pr5>0</pr5>
            <pr6>0</pr6>
            <pr7>0</pr7>
            <pr8>0</pr8>
            <pr9>0</pr9>
            <pr10>0</pr10>
        </phase_rms>
        <additional1></additional1>
        <additional2></additional2>
    </D2022-03-17_T10-34-26>
    <D2022-03-17_T10-36-09>
        <datetime>2022-03-17T10:36:09</datetime>
        <serialnumber>n985</serialnumber>
        <TS>38169</TS>
        <frequency>
            <f0>976.563</f0>
            <f1>1953.13</f1>
            <f2>3906.25</f2>
            <f3>7812.5</f3>
            <f4>15625</f4>
            <f5>31250</f5>
            <f6>62500</f6>
            <f7>125000</f7>
            <f8>250000</f8>
            <f9>500000</f9>
            <f10>1e+06</f10>
        </frequency>
        <amplitude>
            <a0>62.9116</a0>
            <a1>62.0061</a1>
            <a2>62.3291</a2>
            <a3>62.1078</a3>
            <a4>61.1582</a4>
            <a5>60.2574</a5>
            <a6>59.007</a6>
            <a7>57.991</a7>
            <a8>56.6529</a8>
            <a9>54.2331</a9>
            <a10>47.5675</a10>
        </amplitude>
        <phase>
            <p0>8.03023</p0>
            <p1>7.18427</p1>
            <p2>7.62605</p2>
            <p3>7.89404</p3>
            <p4>8.50682</p4>
            <p5>9.38151</p5>
            <p6>11.113</p6>
            <p7>13.6646</p7>
            <p8>17.5256</p8>
            <p9>25.0994</p9>
            <p10>31.4443</p10>
        </phase>
        <amplitude_rms>
            <ar0>0</ar0>
            <ar1>0</ar1>
            <ar2>0</ar2>
            <ar3>0</ar3>
            <ar4>0</ar4>
            <ar5>0</ar5>
            <ar6>0</ar6>
            <ar7>0</ar7>
            <ar8>0</ar8>
            <ar9>0</ar9>
            <ar10>0</ar10>
        </amplitude_rms>
        <phase_rms>
            <pr0>0</pr0>
            <pr1>0</pr1>
            <pr2>0</pr2>
            <pr3>0</pr3>
            <pr4>0</pr4>
            <pr5>0</pr5>
            <pr6>0</pr6>
            <pr7>0</pr7>
            <pr8>0</pr8>
            <pr9>0</pr9>
            <pr10>0</pr10>
        </phase_rms>
        <additional1></additional1>
        <additional2></additional2>
    </D2022-03-17_T10-36-09>
    <D2022-03-17_T10-39-08>
        <datetime>2022-03-17T10:39:08</datetime>
        <serialnumber>n985</serialnumber>
        <TS>38348</TS>
        <frequency>
            <f0>976.563</f0>
            <f1>1953.13</f1>
            <f2>3906.25</f2>
            <f3>7812.5</f3>
            <f4>15625</f4>
            <f5>31250</f5>
            <f6>62500</f6>
            <f7>125000</f7>
            <f8>250000</f8>
            <f9>500000</f9>
            <f10>1e+06</f10>
        </frequency>
        <amplitude>
            <a0>63.2801</a0>
            <a1>63.2416</a1>
            <a2>62.0389</a2>
            <a3>61.888</a3>
            <a4>60.9026</a4>
            <a5>59.9606</a5>
            <a6>58.9577</a6>
            <a7>57.9305</a7>
            <a8>56.6529</a8>
            <a9>54.2331</a9>
            <a10>47.2998</a10>
        </amplitude>
        <phase>
            <p0>8.69278</p0>
            <p1>8.46129</p1>
            <p2>7.42112</p2>
            <p3>8.16395</p3>
            <p4>8.54279</p4>
            <p5>9.17808</p5>
            <p6>10.8666</p6>
            <p7>13.4162</p7>
            <p8>17.5256</p8>
            <p9>25.0994</p9>
            <p10>30.9101</p10>
        </phase>
        <amplitude_rms>
            <ar0>0</ar0>
            <ar1>0</ar1>
            <ar2>0</ar2>
            <ar3>0</ar3>
            <ar4>0</ar4>
            <ar5>0</ar5>
            <ar6>0</ar6>
            <ar7>0</ar7>
            <ar8>0</ar8>
            <ar9>0</ar9>
            <ar10>0</ar10>
        </amplitude_rms>
        <phase_rms>
            <pr0>0</pr0>
            <pr1>0</pr1>
            <pr2>0</pr2>
            <pr3>0</pr3>
            <pr4>0</pr4>
            <pr5>0</pr5>
            <pr6>0</pr6>
            <pr7>0</pr7>
            <pr8>0</pr8>
            <pr9>0</pr9>
            <pr10>0</pr10>
        </phase_rms>
        <additional1></additional1>
        <additional2></additional2>
    </D2022-03-17_T10-39-08>
    <D2022-03-17_T10-44-39>
        <datetime>2022-03-17T10:44:39</datetime>
        <serialnumber>n985</serialnumber>
        <TS>38679</TS>
        <frequency>
            <f0>976.563</f0>
            <f1>1953.13</f1>
            <f2>3906.25</f2>
            <f3>7812.5</f3>
            <f4>15625</f4>
            <f5>31250</f5>
            <f6>62500</f6>
            <f7>125000</f7>
            <f8>250000</f8>
            <f9>500000</f9>
            <f10>1e+06</f10>
        </frequency>
        <amplitude>
            <a0>62.6925</a0>
            <a1>62.2953</a1>
            <a2>62.0729</a2>
            <a3>61.6321</a3>
            <a4>61.1582</a4>
            <a5>59.9606</a5>
            <a6>59.2606</a6>
            <a7>57.6791</a7>
            <a8>56.4065</a8>
            <a9>53.9991</a9>
            <a10>47.0782</a10>
        </amplitude>
        <phase>
            <p0>8.29714</p0>
            <p1>7.39041</p1>
            <p2>7.65771</p2>
            <p3>8.19807</p3>
            <p4>8.50682</p4>
            <p5>9.17808</p5>
            <p6>11.0649</p6>
            <p7>13.4758</p7>
            <p8>17.6046</p8>
            <p9>25.2157</p9>
            <p10>31.0717</p10>
        </phase>
        <amplitude_rms>
            <ar0>0</ar0>
            <ar1>0</ar1>
            <ar2>0</ar2>
            <ar3>0</ar3>
            <ar4>0</ar4>
            <ar5>0</ar5>
            <ar6>0</ar6>
            <ar7>0</ar7>
            <ar8>0</ar8>
            <ar9>0</ar9>
            <ar10>0</ar10>
        </amplitude_rms>
        <phase_rms>
            <pr0>0</pr0>
            <pr1>0</pr1>
            <pr2>0</pr2>
            <pr3>0</pr3>
            <pr4>0</pr4>
            <pr5>0</pr5>
            <pr6>0</pr6>
            <pr7>0</pr7>
            <pr8>0</pr8>
            <pr9>0</pr9>
            <pr10>0</pr10>
        </phase_rms>
        <additional1></additional1>
        <additional2></additional2>
    </D2022-03-17_T10-44-39>
    <D2022-03-17_T10-48-50>
        <datetime>2022-03-17T10:48:50</datetime>
        <serialnumber>n985</serialnumber>
        <TS>38930</TS>
        <frequency>
            <f0>976.563</f0>
            <f1>1953.13</f1>
            <f2>3906.25</f2>
            <f3>7812.5</f3>
            <f4>15625</f4>
            <f5>31250</f5>
            <f6>62500</f6>
            <f7>125000</f7>
            <f8>250000</f8>
            <f9>500000</f9>
            <f10>1e+06</f10>
        </frequency>
        <amplitude>
            <a0>62.9482</a0>
            <a1>62.519</a1>
            <a2>57.9979</a2>
            <a3>62.5538</a3>
            <a4>60.8279</a4>
            <a5>60.5549</a5>
            <a6>59.1636</a6>
            <a7>57.9305</a7>
            <a8>56.8995</a8>
            <a9>53.9991</a9>
            <a10>45.8189</a10>
        </amplitude>
        <phase>
            <p0>8.26319</p0>
            <p1>7.12502</p1>
            <p2>3.32148</p2>
            <p3>9.03417</p3>
            <p4>8.06124</p4>
            <p5>9.58294</p5>
            <p6>10.5735</p6>
            <p7>13.4162</p7>
            <p8>17.4472</p8>
            <p9>25.2157</p9>
            <p10>29.0232</p10>
        </phase>
        <amplitude_rms>
            <ar0>0</ar0>
            <ar1>0</ar1>
            <ar2>0</ar2>
            <ar3>0</ar3>
            <ar4>0</ar4>
            <ar5>0</ar5>
            <ar6>0</ar6>
            <ar7>0</ar7>
            <ar8>0</ar8>
            <ar9>0</ar9>
            <ar10>0</ar10>
        </amplitude_rms>
        <phase_rms>
            <pr0>0</pr0>
            <pr1>0</pr1>
            <pr2>0</pr2>
            <pr3>0</pr3>
            <pr4>0</pr4>
            <pr5>0</pr5>
            <pr6>0</pr6>
            <pr7>0</pr7>
            <pr8>0</pr8>
            <pr9>0</pr9>
            <pr10>0</pr10>
        </phase_rms>
        <additional1></additional1>
        <additional2></additional2>
    </D2022-03-17_T10-48-50>
    <D2022-03-17_T10-54-10>
        <datetime>2022-03-17T10:54:10</datetime>
        <serialnumber>n985</serialnumber>
        <TS>39250</TS>
        <frequency>
            <f0>976.563</f0>
            <f1>1953.13</f1>
            <f2>3906.25</f2>
            <f3>7812.5</f3>
            <f4>15625</f4>
            <f5>31250</f5>
            <f6>62500</f6>
            <f7>125000</f7>
            <f8>250000</f8>
            <f9>500000</f9>
            <f10>1e+06</f10>
        </frequency>
        <amplitude>
            <a0>63.3197</a0>
            <a1>62.5853</a1>
            <a2>62.5516</a2>
            <a3>61.8518</a3>
            <a4>60.8647</a4>
            <a5>60.2574</a5>
            <a6>59.8178</a6>
            <a7>58.182</a7>
            <a8>56.5756</a8>
            <a9>54.3432</a9>
            <a10>46.4244</a10>
        </amplitude>
        <phase>
            <p0>8.92399</p0>
            <p1>7.59464</p1>
            <p2>7.35995</p2>
            <p3>7.92693</p3>
            <p4>8.30216</p4>
            <p5>9.38151</p5>
            <p6>11.2128</p6>
            <p7>13.3571</p7>
            <p8>17.2759</p8>
            <p9>25.3462</p9>
            <p10>29.7053</p10>
        </phase>
        <amplitude_rms>
            <ar0>0</ar0>
            <ar1>0</ar1>
            <ar2>0</ar2>
            <ar3>0</ar3>
            <ar4>0</ar4>
            <ar5>0</ar5>
            <ar6>0</ar6>
            <ar7>0</ar7>
            <ar8>0</ar8>
            <ar9>0</ar9>
            <ar10>0</ar10>
        </amplitude_rms>
        <phase_rms>
            <pr0>0</pr0>
            <pr1>0</pr1>
            <pr2>0</pr2>
            <pr3>0</pr3>
            <pr4>0</pr4>
            <pr5>0</pr5>
            <pr6>0</pr6>
            <pr7>0</pr7>
            <pr8>0</pr8>
            <pr9>0</pr9>
            <pr10>0</pr10>
        </phase_rms>
        <additional1></additional1>
        <additional2></additional2>
    </D2022-03-17_T10-54-10>
    <D2022-03-17_T11-00-08>
        <datetime>2022-03-17T11:00:08</datetime>
        <serialnumber>n985</serialnumber>
        <TS>39608</TS>
        <frequency>
            <f0>976.563</f0>
            <f1>1953.13</f1>
            <f2>3906.25</f2>
            <f3>7812.5</f3>
            <f4>15625</f4>
            <f5>31250</f5>
            <f6>62500</f6>
            <f7>125000</f7>
            <f8>250000</f8>
            <f9>500000</f9>
            <f10>1e+06</f10>
        </frequency>
        <amplitude>
            <a0>62.1078</a0>
            <a1>62.0389</a1>
            <a2>61.7826</a2>
            <a3>61.5958</a3>
            <a4>60.572</a4>
            <a5>59.6646</a5>
            <a6>58.9577</a6>
            <a7>57.9305</a7>
            <a8>56.3288</a8>
            <a9>53.7654</a9>
            <a10>46.2369</a10>
        </amplitude>
        <phase>
            <p0>7.89404</p0>
            <p1>7.42112</p1>
            <p2>7.45208</p2>
            <p3>7.96009</p3>
            <p4>8.09552</p4>
            <p5>8.97263</p5>
            <p6>10.8666</p6>
            <p7>13.4162</p7>
            <p8>17.354</p8>
            <p9>25.3331</p9>
            <p10>30.5792</p10>
        </phase>
        <amplitude_rms>
            <ar0>0</ar0>
            <ar1>0</ar1>
            <ar2>0</ar2>
            <ar3>0</ar3>
            <ar4>0</ar4>
            <ar5>0</ar5>
            <ar6>0</ar6>
            <ar7>0</ar7>
            <ar8>0</ar8>
            <ar9>0</ar9>
            <ar10>0</ar10>
        </amplitude_rms>
        <phase_rms>
            <pr0>0</pr0>
            <pr1>0</pr1>
            <pr2>0</pr2>
            <pr3>0</pr3>
            <pr4>0</pr4>
            <pr5>0</pr5>
            <pr6>0</pr6>
            <pr7>0</pr7>
            <pr8>0</pr8>
            <pr9>0</pr9>
            <pr10>0</pr10>
        </phase_rms>
        <additional1></additional1>
        <additional2></additional2>
    </D2022-03-17_T11-00-08>
    <D2022-03-17_T11-01-40>
        <datetime>2022-03-17T11:01:40</datetime>
        <serialnumber>n985</serialnumber>
        <TS>39700</TS>
        <frequency>
            <f0>976.563</f0>
            <f1>1953.13</f1>
            <f2>3906.25</f2>
            <f3>7812.5</f3>
            <f4>15625</f4>
            <f5>31250</f5>
            <f6>62500</f6>
            <f7>125000</f7>
            <f8>250000</f8>
            <f9>500000</f9>
            <f10>1e+06</f10>
        </frequency>
        <amplitude>
            <a0>61.5958</a0>
            <a1>61.7826</a1>
            <a2>61.8518</a2>
            <a3>60.7922</a3>
            <a4>60.3532</a4>
            <a5>59.7054</a5>
            <a6>58.6555</a6>
            <a7>57.0572</a7>
            <a8>55.7584</a8>
            <a9>55.2577</a9>
            <a10>48.9901</a10>
        </amplitude>
        <phase>
            <p0>7.96009</p0>
            <p1>7.45208</p1>
            <p2>7.92693</p2>
            <p3>7.82003</p3>
            <p4>8.37303</p4>
            <p5>9.21764</p5>
            <p6>10.6662</p6>
            <p7>13.0919</p7>
            <p8>17.259</p8>
            <p9>26.0856</p9>
            <p10>31.8452</p10>
        </phase>
        <amplitude_rms>
            <ar0>0</ar0>
            <ar1>0</ar1>
            <ar2>0</ar2>
            <ar3>0</ar3>
            <ar4>0</ar4>
            <ar5>0</ar5>
            <ar6>0</ar6>
            <ar7>0</ar7>
            <ar8>0</ar8>
            <ar9>0</ar9>
            <ar10>0</ar10>
        </amplitude_rms>
        <phase_rms>
            <pr0>0</pr0>
            <pr1>0</pr1>
            <pr2>0</pr2>
            <pr3>0</pr3>
            <pr4>0</pr4>
            <pr5>0</pr5>
            <pr6>0</pr6>
            <pr7>0</pr7>
            <pr8>0</pr8>
            <pr9>0</pr9>
            <pr10>0</pr10>
        </phase_rms>
        <additional1></additional1>
        <additional2></additional2>
    </D2022-03-17_T11-01-40>
</Mona>
