<?xml version="1.0" encoding="UTF-8"?>
<Sandra>
    <D2022-03-17_T12-09-10>
        <datetime>2022-03-17T12:09:10</datetime>
        <serialnumber>n967</serialnumber>
        <TS>43750</TS>
        <frequency>
            <f0>976.563</f0>
            <f1>1953.13</f1>
            <f2>3906.25</f2>
            <f3>7812.5</f3>
            <f4>15625</f4>
            <f5>31250</f5>
            <f6>62500</f6>
            <f7>125000</f7>
            <f8>250000</f8>
            <f9>500000</f9>
            <f10>1e+06</f10>
        </frequency>
        <amplitude>
            <a0>32.7633</a0>
            <a1>33.2321</a1>
            <a2>32.6438</a2>
            <a3>32.4663</a3>
            <a4>32.5526</a4>
            <a5>31.8859</a5>
            <a6>31.2894</a6>
            <a7>29.9708</a7>
            <a8>28.8636</a8>
            <a9>27.4846</a9>
            <a10>26.5334</a10>
        </amplitude>
        <phase>
            <p0>9.53664</p0>
            <p1>8.94946</p1>
            <p2>8.19426</p2>
            <p3>9.16235</p3>
            <p4>10.0607</p4>
            <p5>11.2188</p5>
            <p6>12.8882</p6>
            <p7>14.9951</p7>
            <p8>19.8954</p8>
            <p9>31.1486</p9>
            <p10>47.7639</p10>
        </phase>
        <amplitude_rms>
            <ar0>0</ar0>
            <ar1>0</ar1>
            <ar2>0</ar2>
            <ar3>0</ar3>
            <ar4>0</ar4>
            <ar5>0</ar5>
            <ar6>0</ar6>
            <ar7>0</ar7>
            <ar8>0</ar8>
            <ar9>0</ar9>
            <ar10>0</ar10>
        </amplitude_rms>
        <phase_rms>
            <pr0>0</pr0>
            <pr1>0</pr1>
            <pr2>0</pr2>
            <pr3>0</pr3>
            <pr4>0</pr4>
            <pr5>0</pr5>
            <pr6>0</pr6>
            <pr7>0</pr7>
            <pr8>0</pr8>
            <pr9>0</pr9>
            <pr10>0</pr10>
        </phase_rms>
        <additional1></additional1>
        <additional2></additional2>
    </D2022-03-17_T12-09-10>
    <D2022-03-17_T12-09-34>
        <datetime>2022-03-17T12:09:34</datetime>
        <serialnumber>n967</serialnumber>
        <TS>43774</TS>
        <frequency>
            <f0>976.563</f0>
            <f1>1953.13</f1>
            <f2>3906.25</f2>
            <f3>7812.5</f3>
            <f4>15625</f4>
            <f5>31250</f5>
            <f6>62500</f6>
            <f7>125000</f7>
            <f8>250000</f8>
            <f9>500000</f9>
            <f10>1e+06</f10>
        </frequency>
        <amplitude>
            <a0>33.3434</a0>
            <a1>33.6887</a1>
            <a2>33.3946</a2>
            <a3>33.323</a3>
            <a4>33.0006</a4>
            <a5>32.4738</a5>
            <a6>31.8665</a6>
            <a7>30.5643</a7>
            <a8>29.3087</a8>
            <a9>27.753</a9>
            <a10>26.2489</a10>
        </amplitude>
        <phase>
            <p0>8.70989</p0>
            <p1>8.17173</p1>
            <p2>7.79414</p2>
            <p3>8.49303</p3>
            <p4>9.25194</p4>
            <p5>10.5615</p5>
            <p6>12.1886</p6>
            <p7>14.458</p7>
            <p8>19.3226</p8>
            <p9>30.5123</p9>
            <p10>47.1887</p10>
        </phase>
        <amplitude_rms>
            <ar0>1.74</ar0>
            <ar1>1.355</ar1>
            <ar2>2.248</ar2>
            <ar3>2.571</ar3>
            <ar4>1.357</ar4>
            <ar5>1.81</ar5>
            <ar6>1.811</ar6>
            <ar7>1.942</ar7>
            <ar8>1.519</ar8>
            <ar9>0.9672</ar9>
            <ar10>1.084</ar10>
        </amplitude_rms>
        <phase_rms>
            <pr0>0.8267</pr0>
            <pr1>0.7777</pr1>
            <pr2>0.4001</pr2>
            <pr3>0.6693</pr3>
            <pr4>0.8087</pr4>
            <pr5>0.6573</pr5>
            <pr6>0.6996</pr6>
            <pr7>0.5371</pr7>
            <pr8>0.5728</pr8>
            <pr9>0.6363</pr9>
            <pr10>0.5752</pr10>
        </phase_rms>
        <additional1></additional1>
        <additional2></additional2>
    </D2022-03-17_T12-09-34>
    <D2022-03-17_T12-10-15>
        <datetime>2022-03-17T12:10:15</datetime>
        <serialnumber>n967</serialnumber>
        <TS>43815</TS>
        <frequency>
            <f0>976.563</f0>
            <f1>1953.13</f1>
            <f2>3906.25</f2>
            <f3>7812.5</f3>
            <f4>15625</f4>
            <f5>31250</f5>
            <f6>62500</f6>
            <f7>125000</f7>
            <f8>250000</f8>
            <f9>500000</f9>
            <f10>1e+06</f10>
        </frequency>
        <amplitude>
            <a0>36.4536</a0>
            <a1>36.4536</a1>
            <a2>35.9098</a2>
            <a3>36.2634</a3>
            <a4>35.532</a4>
            <a5>35.1006</a5>
            <a6>33.7112</a6>
            <a7>32.7256</a7>
            <a8>31.3886</a8>
            <a9>29.4003</a9>
            <a10>26.8687</a10>
        </amplitude>
        <phase>
            <p0>6.92345</p0>
            <p1>6.92345</p1>
            <p2>6.61346</p2>
            <p3>7.78356</p3>
            <p4>8.36589</p4>
            <p5>9.32359</p5>
            <p6>11.0515</p6>
            <p7>13.707</p7>
            <p8>18.7334</p8>
            <p9>29.495</p9>
            <p10>45.3898</p10>
        </phase>
        <amplitude_rms>
            <ar0>0</ar0>
            <ar1>0</ar1>
            <ar2>0</ar2>
            <ar3>0</ar3>
            <ar4>0</ar4>
            <ar5>0</ar5>
            <ar6>0</ar6>
            <ar7>0</ar7>
            <ar8>0</ar8>
            <ar9>0</ar9>
            <ar10>0</ar10>
        </amplitude_rms>
        <phase_rms>
            <pr0>0</pr0>
            <pr1>0</pr1>
            <pr2>0</pr2>
            <pr3>0</pr3>
            <pr4>0</pr4>
            <pr5>0</pr5>
            <pr6>0</pr6>
            <pr7>0</pr7>
            <pr8>0</pr8>
            <pr9>0</pr9>
            <pr10>0</pr10>
        </phase_rms>
        <additional1></additional1>
        <additional2></additional2>
    </D2022-03-17_T12-10-15>
    <D2022-03-17_T12-12-48>
        <datetime>2022-03-17T12:12:48</datetime>
        <serialnumber>n967</serialnumber>
        <TS>43968</TS>
        <frequency>
            <f0>976.563</f0>
            <f1>1953.13</f1>
            <f2>3906.25</f2>
            <f3>7812.5</f3>
            <f4>15625</f4>
            <f5>31250</f5>
            <f6>62500</f6>
            <f7>125000</f7>
            <f8>250000</f8>
            <f9>500000</f9>
            <f10>1e+06</f10>
        </frequency>
        <amplitude>
            <a0>36.6802</a0>
            <a1>36.3949</a1>
            <a2>36.1666</a2>
            <a3>35.9405</a3>
            <a4>35.4953</a4>
            <a5>35.1006</a5>
            <a6>33.4085</a6>
            <a7>32.1031</a7>
            <a8>30.4891</a8>
            <a9>28.6964</a9>
            <a10>25.6121</a10>
        </amplitude>
        <phase>
            <p0>6.47396</p0>
            <p1>6.1155</p1>
            <p2>6.5663</p2>
            <p3>7.02279</p3>
            <p4>7.95308</p4>
            <p5>9.32359</p5>
            <p6>10.7014</p6>
            <p7>13.0292</p7>
            <p8>18.2813</p8>
            <p9>29.1047</p9>
            <p10>42.546</p10>
        </phase>
        <amplitude_rms>
            <ar0>0</ar0>
            <ar1>0</ar1>
            <ar2>0</ar2>
            <ar3>0</ar3>
            <ar4>0</ar4>
            <ar5>0</ar5>
            <ar6>0</ar6>
            <ar7>0</ar7>
            <ar8>0</ar8>
            <ar9>0</ar9>
            <ar10>0</ar10>
        </amplitude_rms>
        <phase_rms>
            <pr0>0</pr0>
            <pr1>0</pr1>
            <pr2>0</pr2>
            <pr3>0</pr3>
            <pr4>0</pr4>
            <pr5>0</pr5>
            <pr6>0</pr6>
            <pr7>0</pr7>
            <pr8>0</pr8>
            <pr9>0</pr9>
            <pr10>0</pr10>
        </phase_rms>
        <additional1></additional1>
        <additional2></additional2>
    </D2022-03-17_T12-12-48>
    <D2022-03-17_T12-13-16>
        <datetime>2022-03-17T12:13:16</datetime>
        <serialnumber>n967</serialnumber>
        <TS>43996</TS>
        <frequency>
            <f0>976.563</f0>
            <f1>1953.13</f1>
            <f2>3906.25</f2>
            <f3>7812.5</f3>
            <f4>15625</f4>
            <f5>31250</f5>
            <f6>62500</f6>
            <f7>125000</f7>
            <f8>250000</f8>
            <f9>500000</f9>
            <f10>1e+06</f10>
        </frequency>
        <amplitude>
            <a0>37.7077</a0>
            <a1>37.3973</a1>
            <a2>37.4508</a2>
            <a3>37.2235</a3>
            <a4>37.0319</a4>
            <a5>36.1213</a5>
            <a6>35.0292</a6>
            <a7>33.731</a7>
            <a8>31.552</a8>
            <a9>29.7527</a9>
            <a10>25.9954</a10>
        </amplitude>
        <phase>
            <p0>6.29682</p0>
            <p1>5.55297</p1>
            <p2>6.34019</p2>
            <p3>6.77957</p3>
            <p4>7.62107</p4>
            <p5>9.05789</p5>
            <p6>11.0612</p6>
            <p7>13.2908</p7>
            <p8>18.1381</p8>
            <p9>29.6831</p9>
            <p10>41.7755</p10>
        </phase>
        <amplitude_rms>
            <ar0>0</ar0>
            <ar1>0</ar1>
            <ar2>0</ar2>
            <ar3>0</ar3>
            <ar4>0</ar4>
            <ar5>0</ar5>
            <ar6>0</ar6>
            <ar7>0</ar7>
            <ar8>0</ar8>
            <ar9>0</ar9>
            <ar10>0</ar10>
        </amplitude_rms>
        <phase_rms>
            <pr0>0</pr0>
            <pr1>0</pr1>
            <pr2>0</pr2>
            <pr3>0</pr3>
            <pr4>0</pr4>
            <pr5>0</pr5>
            <pr6>0</pr6>
            <pr7>0</pr7>
            <pr8>0</pr8>
            <pr9>0</pr9>
            <pr10>0</pr10>
        </phase_rms>
        <additional1></additional1>
        <additional2></additional2>
    </D2022-03-17_T12-13-16>
    <D2022-03-17_T12-13-34>
        <datetime>2022-03-17T12:13:34</datetime>
        <serialnumber>n967</serialnumber>
        <TS>44014</TS>
        <frequency>
            <f0>976.563</f0>
            <f1>1953.13</f1>
            <f2>3906.25</f2>
            <f3>7812.5</f3>
            <f4>15625</f4>
            <f5>31250</f5>
            <f6>62500</f6>
            <f7>125000</f7>
            <f8>250000</f8>
            <f9>500000</f9>
            <f10>1e+06</f10>
        </frequency>
        <amplitude>
            <a0>37.7077</a0>
            <a1>37.1939</a1>
            <a2>36.937</a2>
            <a3>36.9985</a3>
            <a4>35.973</a4>
            <a5>35.3151</a5>
            <a6>34.425</a6>
            <a7>32.917</a7>
            <a8>30.9804</a8>
            <a9>29.1755</a9>
            <a10>25.6304</a10>
        </amplitude>
        <phase>
            <p0>6.29682</p0>
            <p1>6.38416</p1>
            <p2>6.42875</p2>
            <p3>7.22432</p3>
            <p4>7.43141</p4>
            <p5>8.84181</p5>
            <p6>10.3818</p6>
            <p7>13.1632</p7>
            <p8>17.9814</p8>
            <p9>29.7449</p9>
            <p10>41.7295</p10>
        </phase>
        <amplitude_rms>
            <ar0>0</ar0>
            <ar1>0</ar1>
            <ar2>0</ar2>
            <ar3>0</ar3>
            <ar4>0</ar4>
            <ar5>0</ar5>
            <ar6>0</ar6>
            <ar7>0</ar7>
            <ar8>0</ar8>
            <ar9>0</ar9>
            <ar10>0</ar10>
        </amplitude_rms>
        <phase_rms>
            <pr0>0</pr0>
            <pr1>0</pr1>
            <pr2>0</pr2>
            <pr3>0</pr3>
            <pr4>0</pr4>
            <pr5>0</pr5>
            <pr6>0</pr6>
            <pr7>0</pr7>
            <pr8>0</pr8>
            <pr9>0</pr9>
            <pr10>0</pr10>
        </phase_rms>
        <additional1></additional1>
        <additional2></additional2>
    </D2022-03-17_T12-13-34>
    <D2022-03-17_T12-13-58>
        <datetime>2022-03-17T12:13:58</datetime>
        <serialnumber>n967</serialnumber>
        <TS>44038</TS>
        <frequency>
            <f0>976.563</f0>
            <f1>1953.13</f1>
            <f2>3906.25</f2>
            <f3>7812.5</f3>
            <f4>15625</f4>
            <f5>31250</f5>
            <f6>62500</f6>
            <f7>125000</f7>
            <f8>250000</f8>
            <f9>500000</f9>
            <f10>1e+06</f10>
        </frequency>
        <amplitude>
            <a0>32.4848</a0>
            <a1>32.4354</a1>
            <a2>32.5424</a2>
            <a3>32.0291</a3>
            <a4>31.8051</a4>
            <a5>30.854</a5>
            <a6>29.963</a6>
            <a7>28.6545</a7>
            <a8>27.2195</a8>
            <a9>25.8096</a9>
            <a10>22.177</a10>
        </amplitude>
        <phase>
            <p0>5.93742</p0>
            <p1>5.02907</p1>
            <p2>6.84277</p2>
            <p3>6.95296</p3>
            <p4>7.47156</p4>
            <p5>8.67317</p5>
            <p6>10.4375</p6>
            <p7>13.0334</p7>
            <p8>18.2629</p8>
            <p9>29.389</p9>
            <p10>40.7462</p10>
        </phase>
        <amplitude_rms>
            <ar0>0</ar0>
            <ar1>0</ar1>
            <ar2>0</ar2>
            <ar3>0</ar3>
            <ar4>0</ar4>
            <ar5>0</ar5>
            <ar6>0</ar6>
            <ar7>0</ar7>
            <ar8>0</ar8>
            <ar9>0</ar9>
            <ar10>0</ar10>
        </amplitude_rms>
        <phase_rms>
            <pr0>0</pr0>
            <pr1>0</pr1>
            <pr2>0</pr2>
            <pr3>0</pr3>
            <pr4>0</pr4>
            <pr5>0</pr5>
            <pr6>0</pr6>
            <pr7>0</pr7>
            <pr8>0</pr8>
            <pr9>0</pr9>
            <pr10>0</pr10>
        </phase_rms>
        <additional1></additional1>
        <additional2></additional2>
    </D2022-03-17_T12-13-58>
    <D2022-03-17_T12-14-28>
        <datetime>2022-03-17T12:14:28</datetime>
        <serialnumber>n967</serialnumber>
        <TS>44068</TS>
        <frequency>
            <f0>976.563</f0>
            <f1>1953.13</f1>
            <f2>3906.25</f2>
            <f3>7812.5</f3>
            <f4>15625</f4>
            <f5>31250</f5>
            <f6>62500</f6>
            <f7>125000</f7>
            <f8>250000</f8>
            <f9>500000</f9>
            <f10>1e+06</f10>
        </frequency>
        <amplitude>
            <a0>34.0278</a0>
            <a1>34.7995</a1>
            <a2>34.285</a2>
            <a3>34.3395</a3>
            <a4>34.1454</a4>
            <a5>33.4874</a5>
            <a6>32.5988</a6>
            <a7>31.5997</a7>
            <a8>29.6717</a8>
            <a9>27.8936</a9>
            <a10>24.1956</a10>
        </amplitude>
        <phase>
            <p0>5.66729</p0>
            <p1>5.5412</p1>
            <p2>5.62463</p2>
            <p3>6.48307</p3>
            <p4>7.39401</p4>
            <p5>8.88066</p5>
            <p6>10.508</p6>
            <p7>13.2405</p7>
            <p8>18.2771</p8>
            <p9>29.4156</p9>
            <p10>40.6677</p10>
        </phase>
        <amplitude_rms>
            <ar0>0</ar0>
            <ar1>0</ar1>
            <ar2>0</ar2>
            <ar3>0</ar3>
            <ar4>0</ar4>
            <ar5>0</ar5>
            <ar6>0</ar6>
            <ar7>0</ar7>
            <ar8>0</ar8>
            <ar9>0</ar9>
            <ar10>0</ar10>
        </amplitude_rms>
        <phase_rms>
            <pr0>0</pr0>
            <pr1>0</pr1>
            <pr2>0</pr2>
            <pr3>0</pr3>
            <pr4>0</pr4>
            <pr5>0</pr5>
            <pr6>0</pr6>
            <pr7>0</pr7>
            <pr8>0</pr8>
            <pr9>0</pr9>
            <pr10>0</pr10>
        </phase_rms>
        <additional1></additional1>
        <additional2></additional2>
    </D2022-03-17_T12-14-28>
    <D2022-03-17_T12-15-03>
        <datetime>2022-03-17T12:15:03</datetime>
        <serialnumber>n967</serialnumber>
        <TS>44103</TS>
        <frequency>
            <f0>976.563</f0>
            <f1>1953.13</f1>
            <f2>3906.25</f2>
            <f3>7812.5</f3>
            <f4>15625</f4>
            <f5>31250</f5>
            <f6>62500</f6>
            <f7>125000</f7>
            <f8>250000</f8>
            <f9>500000</f9>
            <f10>1e+06</f10>
        </frequency>
        <amplitude>
            <a0>37.737</a0>
            <a1>37.1661</a1>
            <a2>36.909</a2>
            <a3>36.7102</a3>
            <a4>36.2634</a4>
            <a5>35.6109</a5>
            <a6>34.4726</a6>
            <a7>33.4795</a7>
            <a8>31.3065</a8>
            <a9>29.9228</a9>
            <a10>25.5167</a10>
        </amplitude>
        <phase>
            <p0>6.68691</p0>
            <p1>5.98815</p1>
            <p2>6.03001</p2>
            <p3>6.87482</p3>
            <p4>7.78356</p4>
            <p5>9.18884</p5>
            <p6>10.8044</p6>
            <p7>13.3925</p7>
            <p8>18.2854</p8>
            <p9>31.2184</p9>
            <p10>39.6569</p10>
        </phase>
        <amplitude_rms>
            <ar0>0</ar0>
            <ar1>0</ar1>
            <ar2>0</ar2>
            <ar3>0</ar3>
            <ar4>0</ar4>
            <ar5>0</ar5>
            <ar6>0</ar6>
            <ar7>0</ar7>
            <ar8>0</ar8>
            <ar9>0</ar9>
            <ar10>0</ar10>
        </amplitude_rms>
        <phase_rms>
            <pr0>0</pr0>
            <pr1>0</pr1>
            <pr2>0</pr2>
            <pr3>0</pr3>
            <pr4>0</pr4>
            <pr5>0</pr5>
            <pr6>0</pr6>
            <pr7>0</pr7>
            <pr8>0</pr8>
            <pr9>0</pr9>
            <pr10>0</pr10>
        </phase_rms>
        <additional1></additional1>
        <additional2></additional2>
    </D2022-03-17_T12-15-03>
    <D2022-03-17_T12-15-32>
        <datetime>2022-03-17T12:15:32</datetime>
        <serialnumber>n967</serialnumber>
        <TS>44132</TS>
        <frequency>
            <f0>976.563</f0>
            <f1>1953.13</f1>
            <f2>3906.25</f2>
            <f3>7812.5</f3>
            <f4>15625</f4>
            <f5>31250</f5>
            <f6>62500</f6>
            <f7>125000</f7>
            <f8>250000</f8>
            <f9>500000</f9>
            <f10>1e+06</f10>
        </frequency>
        <amplitude>
            <a0>39.7638</a0>
            <a1>39.5346</a1>
            <a2>38.9926</a2>
            <a3>38.5072</a3>
            <a4>38.3473</a4>
            <a5>37.9488</a5>
            <a6>36.8066</a6>
            <a7>35.3595</a7>
            <a8>33.4325</a8>
            <a9>32.1405</a9>
            <a10>27.3713</a10>
        </amplitude>
        <phase>
            <p0>5.97002</p0>
            <p1>6.38156</p1>
            <p2>6.08853</p2>
            <p3>6.55255</p3>
            <p4>7.74777</p4>
            <p5>9.0132</p5>
            <p6>10.5208</p6>
            <p7>13.5283</p7>
            <p8>18.0147</p8>
            <p9>31.5169</p9>
            <p10>39.2513</p10>
        </phase>
        <amplitude_rms>
            <ar0>0</ar0>
            <ar1>0</ar1>
            <ar2>0</ar2>
            <ar3>0</ar3>
            <ar4>0</ar4>
            <ar5>0</ar5>
            <ar6>0</ar6>
            <ar7>0</ar7>
            <ar8>0</ar8>
            <ar9>0</ar9>
            <ar10>0</ar10>
        </amplitude_rms>
        <phase_rms>
            <pr0>0</pr0>
            <pr1>0</pr1>
            <pr2>0</pr2>
            <pr3>0</pr3>
            <pr4>0</pr4>
            <pr5>0</pr5>
            <pr6>0</pr6>
            <pr7>0</pr7>
            <pr8>0</pr8>
            <pr9>0</pr9>
            <pr10>0</pr10>
        </phase_rms>
        <additional1></additional1>
        <additional2></additional2>
    </D2022-03-17_T12-15-32>
    <D2022-03-17_T12-15-57>
        <datetime>2022-03-17T12:15:57</datetime>
        <serialnumber>n967</serialnumber>
        <TS>44157</TS>
        <frequency>
            <f0>976.563</f0>
            <f1>1953.13</f1>
            <f2>3906.25</f2>
            <f3>7812.5</f3>
            <f4>15625</f4>
            <f5>31250</f5>
            <f6>62500</f6>
            <f7>125000</f7>
            <f8>250000</f8>
            <f9>500000</f9>
            <f10>1e+06</f10>
        </frequency>
        <amplitude>
            <a0>40.0209</a0>
            <a1>39.4805</a1>
            <a2>38.9926</a2>
            <a3>39.3075</a3>
            <a4>38.6034</a4>
            <a5>37.9488</a5>
            <a6>36.8547</a6>
            <a7>35.0482</a7>
            <a8>33.6784</a8>
            <a9>32.0062</a9>
            <a10>27.2085</a10>
        </amplitude>
        <phase>
            <p0>5.93153</p0>
            <p1>5.63594</p1>
            <p2>6.08853</p2>
            <p3>6.79788</p3>
            <p4>7.69605</p4>
            <p5>9.0132</p5>
            <p6>10.9159</p6>
            <p7>13.2163</p7>
            <p8>17.8787</p8>
            <p9>31.1225</p9>
            <p10>38.8298</p10>
        </phase>
        <amplitude_rms>
            <ar0>0</ar0>
            <ar1>0</ar1>
            <ar2>0</ar2>
            <ar3>0</ar3>
            <ar4>0</ar4>
            <ar5>0</ar5>
            <ar6>0</ar6>
            <ar7>0</ar7>
            <ar8>0</ar8>
            <ar9>0</ar9>
            <ar10>0</ar10>
        </amplitude_rms>
        <phase_rms>
            <pr0>0</pr0>
            <pr1>0</pr1>
            <pr2>0</pr2>
            <pr3>0</pr3>
            <pr4>0</pr4>
            <pr5>0</pr5>
            <pr6>0</pr6>
            <pr7>0</pr7>
            <pr8>0</pr8>
            <pr9>0</pr9>
            <pr10>0</pr10>
        </phase_rms>
        <additional1></additional1>
        <additional2></additional2>
    </D2022-03-17_T12-15-57>
    <D2022-03-17_T12-16-32>
        <datetime>2022-03-17T12:16:32</datetime>
        <serialnumber>n967</serialnumber>
        <TS>44192</TS>
        <frequency>
            <f0>976.563</f0>
            <f1>1953.13</f1>
            <f2>3906.25</f2>
            <f3>7812.5</f3>
            <f4>15625</f4>
            <f5>31250</f5>
            <f6>62500</f6>
            <f7>125000</f7>
            <f8>250000</f8>
            <f9>500000</f9>
            <f10>1e+06</f10>
        </frequency>
        <amplitude>
            <a0>43.4169</a0>
            <a1>43.1886</a1>
            <a2>42.9318</a2>
            <a3>42.1924</a3>
            <a4>41.7466</a4>
            <a5>41.0933</a5>
            <a6>40.3012</a6>
            <a7>38.5567</a7>
            <a8>36.2109</a8>
            <a9>34.8877</a9>
            <a10>29.1091</a10>
        </amplitude>
        <phase>
            <p0>6.15184</p0>
            <p1>6.52954</p1>
            <p2>6.56876</p2>
            <p3>7.03794</p3>
            <p4>7.82908</p4>
            <p5>9.04757</p5>
            <p6>11.0937</p6>
            <p7>13.5704</p7>
            <p8>18.3056</p8>
            <p9>30.7453</p9>
            <p10>37.7857</p10>
        </phase>
        <amplitude_rms>
            <ar0>0</ar0>
            <ar1>0</ar1>
            <ar2>0</ar2>
            <ar3>0</ar3>
            <ar4>0</ar4>
            <ar5>0</ar5>
            <ar6>0</ar6>
            <ar7>0</ar7>
            <ar8>0</ar8>
            <ar9>0</ar9>
            <ar10>0</ar10>
        </amplitude_rms>
        <phase_rms>
            <pr0>0</pr0>
            <pr1>0</pr1>
            <pr2>0</pr2>
            <pr3>0</pr3>
            <pr4>0</pr4>
            <pr5>0</pr5>
            <pr6>0</pr6>
            <pr7>0</pr7>
            <pr8>0</pr8>
            <pr9>0</pr9>
            <pr10>0</pr10>
        </phase_rms>
        <additional1></additional1>
        <additional2></additional2>
    </D2022-03-17_T12-16-32>
    <D2022-03-17_T12-17-08>
        <datetime>2022-03-17T12:17:08</datetime>
        <serialnumber>n967</serialnumber>
        <TS>44228</TS>
        <frequency>
            <f0>976.563</f0>
            <f1>1953.13</f1>
            <f2>3906.25</f2>
            <f3>7812.5</f3>
            <f4>15625</f4>
            <f5>31250</f5>
            <f6>62500</f6>
            <f7>125000</f7>
            <f8>250000</f8>
            <f9>500000</f9>
            <f10>1e+06</f10>
        </frequency>
        <amplitude>
            <a0>43.8792</a0>
            <a1>43.6739</a1>
            <a2>43.4169</a2>
            <a3>42.9318</a3>
            <a4>42.515</a4>
            <a5>42.1552</a5>
            <a6>40.7603</a6>
            <a7>39.1201</a7>
            <a8>37.3552</a8>
            <a9>36.0407</a9>
            <a10>30.4013</a10>
        </amplitude>
        <phase>
            <p0>5.40833</p0>
            <p1>6.1155</p1>
            <p2>6.15184</p2>
            <p3>6.56876</p3>
            <p4>7.68672</p4>
            <p5>9.17354</p5>
            <p6>10.5973</p6>
            <p7>13.7608</p7>
            <p8>18.5603</p8>
            <p9>30.6114</p9>
            <p10>37.7468</p10>
        </phase>
        <amplitude_rms>
            <ar0>0</ar0>
            <ar1>0</ar1>
            <ar2>0</ar2>
            <ar3>0</ar3>
            <ar4>0</ar4>
            <ar5>0</ar5>
            <ar6>0</ar6>
            <ar7>0</ar7>
            <ar8>0</ar8>
            <ar9>0</ar9>
            <ar10>0</ar10>
        </amplitude_rms>
        <phase_rms>
            <pr0>0</pr0>
            <pr1>0</pr1>
            <pr2>0</pr2>
            <pr3>0</pr3>
            <pr4>0</pr4>
            <pr5>0</pr5>
            <pr6>0</pr6>
            <pr7>0</pr7>
            <pr8>0</pr8>
            <pr9>0</pr9>
            <pr10>0</pr10>
        </phase_rms>
        <additional1></additional1>
        <additional2></additional2>
    </D2022-03-17_T12-17-08>
    <D2022-03-17_T12-17-39>
        <datetime>2022-03-17T12:17:39</datetime>
        <serialnumber>n967</serialnumber>
        <TS>44259</TS>
        <frequency>
            <f0>976.563</f0>
            <f1>1953.13</f1>
            <f2>3906.25</f2>
            <f3>7812.5</f3>
            <f4>15625</f4>
            <f5>31250</f5>
            <f6>62500</f6>
            <f7>125000</f7>
            <f8>250000</f8>
            <f9>500000</f9>
            <f10>1e+06</f10>
        </frequency>
        <amplitude>
            <a0>43.6471</a0>
            <a1>43.4169</a1>
            <a2>42.8757</a2>
            <a3>42.9318</a3>
            <a4>42.2944</a4>
            <a5>41.6039</a5>
            <a6>40.8086</a6>
            <a7>39.1201</a7>
            <a8>37.0283</a8>
            <a9>35.5564</a9>
            <a10>29.7257</a10>
        </amplitude>
        <phase>
            <p0>5.77812</p0>
            <p1>6.15184</p1>
            <p2>5.88245</p2>
            <p3>6.56876</p3>
            <p4>8.08058</p4>
            <p5>8.93561</p5>
            <p6>10.9541</p6>
            <p7>13.7608</p7>
            <p8>18.3085</p8>
            <p9>30.1065</p9>
            <p10>36.8699</p10>
        </phase>
        <amplitude_rms>
            <ar0>0</ar0>
            <ar1>0</ar1>
            <ar2>0</ar2>
            <ar3>0</ar3>
            <ar4>0</ar4>
            <ar5>0</ar5>
            <ar6>0</ar6>
            <ar7>0</ar7>
            <ar8>0</ar8>
            <ar9>0</ar9>
            <ar10>0</ar10>
        </amplitude_rms>
        <phase_rms>
            <pr0>0</pr0>
            <pr1>0</pr1>
            <pr2>0</pr2>
            <pr3>0</pr3>
            <pr4>0</pr4>
            <pr5>0</pr5>
            <pr6>0</pr6>
            <pr7>0</pr7>
            <pr8>0</pr8>
            <pr9>0</pr9>
            <pr10>0</pr10>
        </phase_rms>
        <additional1></additional1>
        <additional2></additional2>
    </D2022-03-17_T12-17-39>
    <D2022-03-17_T12-18-13>
        <datetime>2022-03-17T12:18:13</datetime>
        <serialnumber>n967</serialnumber>
        <TS>44293</TS>
        <frequency>
            <f0>976.563</f0>
            <f1>1953.13</f1>
            <f2>3906.25</f2>
            <f3>7812.5</f3>
            <f4>15625</f4>
            <f5>31250</f5>
            <f6>62500</f6>
            <f7>125000</f7>
            <f8>250000</f8>
            <f9>500000</f9>
            <f10>1e+06</f10>
        </frequency>
        <amplitude>
            <a0>43.9591</a0>
            <a1>43.4169</a1>
            <a2>43.7022</a2>
            <a3>43.2187</a3>
            <a4>42.5503</a4>
            <a5>41.9</a5>
            <a6>41.0624</a6>
            <a7>39.0003</a7>
            <a8>37.6004</a8>
            <a9>35.9098</a9>
            <a10>29.6278</a10>
        </amplitude>
        <phase>
            <p0>6.4146</p0>
            <p1>6.15184</p1>
            <p2>6.45246</p2>
            <p3>6.86999</p3>
            <p4>8.03166</p4>
            <p5>9.22989</p5>
            <p6>10.8855</p6>
            <p7>13.0231</p7>
            <p8>18.4349</p8>
            <p9>30.2564</p9>
            <p10>35.7701</p10>
        </phase>
        <amplitude_rms>
            <ar0>0</ar0>
            <ar1>0</ar1>
            <ar2>0</ar2>
            <ar3>0</ar3>
            <ar4>0</ar4>
            <ar5>0</ar5>
            <ar6>0</ar6>
            <ar7>0</ar7>
            <ar8>0</ar8>
            <ar9>0</ar9>
            <ar10>0</ar10>
        </amplitude_rms>
        <phase_rms>
            <pr0>0</pr0>
            <pr1>0</pr1>
            <pr2>0</pr2>
            <pr3>0</pr3>
            <pr4>0</pr4>
            <pr5>0</pr5>
            <pr6>0</pr6>
            <pr7>0</pr7>
            <pr8>0</pr8>
            <pr9>0</pr9>
            <pr10>0</pr10>
        </phase_rms>
        <additional1></additional1>
        <additional2></additional2>
    </D2022-03-17_T12-18-13>
    <D2022-03-17_T12-18-44>
        <datetime>2022-03-17T12:18:44</datetime>
        <serialnumber>n967</serialnumber>
        <TS>44324</TS>
        <frequency>
            <f0>976.563</f0>
            <f1>1953.13</f1>
            <f2>3906.25</f2>
            <f3>7812.5</f3>
            <f4>15625</f4>
            <f5>31250</f5>
            <f6>62500</f6>
            <f7>125000</f7>
            <f8>250000</f8>
            <f9>500000</f9>
            <f10>1e+06</f10>
        </frequency>
        <amplitude>
            <a0>44.445</a0>
            <a1>44.188</a1>
            <a2>43.4169</a2>
            <a3>42.9621</a3>
            <a4>42.515</a4>
            <a5>41.9</a5>
            <a6>40.7603</a6>
            <a7>39.3109</a7>
            <a8>37.3552</a8>
            <a9>35.7803</a9>
            <a10>29.6886</a10>
        </amplitude>
        <phase>
            <p0>6.00901</p0>
            <p1>6.04409</p1>
            <p2>6.15184</p2>
            <p3>6.91123</p3>
            <p4>7.68672</p4>
            <p5>9.22989</p5>
            <p6>10.5973</p6>
            <p7>13.3052</p7>
            <p8>18.5603</p8>
            <p9>29.8989</p9>
            <p10>35.0738</p10>
        </phase>
        <amplitude_rms>
            <ar0>0</ar0>
            <ar1>0</ar1>
            <ar2>0</ar2>
            <ar3>0</ar3>
            <ar4>0</ar4>
            <ar5>0</ar5>
            <ar6>0</ar6>
            <ar7>0</ar7>
            <ar8>0</ar8>
            <ar9>0</ar9>
            <ar10>0</ar10>
        </amplitude_rms>
        <phase_rms>
            <pr0>0</pr0>
            <pr1>0</pr1>
            <pr2>0</pr2>
            <pr3>0</pr3>
            <pr4>0</pr4>
            <pr5>0</pr5>
            <pr6>0</pr6>
            <pr7>0</pr7>
            <pr8>0</pr8>
            <pr9>0</pr9>
            <pr10>0</pr10>
        </phase_rms>
        <additional1></additional1>
        <additional2></additional2>
    </D2022-03-17_T12-18-44>
    <D2022-03-17_T12-19-22>
        <datetime>2022-03-17T12:19:22</datetime>
        <serialnumber>n967</serialnumber>
        <TS>44362</TS>
        <frequency>
            <f0>976.563</f0>
            <f1>1953.13</f1>
            <f2>3906.25</f2>
            <f3>7812.5</f3>
            <f4>15625</f4>
            <f5>31250</f5>
            <f6>62500</f6>
            <f7>125000</f7>
            <f8>250000</f8>
            <f9>500000</f9>
            <f10>1e+06</f10>
        </frequency>
        <amplitude>
            <a0>44.9867</a0>
            <a1>44.7298</a1>
            <a2>44.2159</a2>
            <a3>44.0198</a3>
            <a4>43.5744</a4>
            <a5>42.6256</a5>
            <a6>41.8729</a6>
            <a7>40.1251</a7>
            <a8>38.0912</a8>
            <a9>36.1333</a9>
            <a10>29.7538</a10>
        </amplitude>
        <phase>
            <p0>6.26748</p0>
            <p1>6.30363</p1>
            <p2>6.37718</p2>
            <p3>7.08329</p3>
            <p4>7.8417</p4>
            <p5>8.71975</p5>
            <p6>11.0325</p6>
            <p7>13.4096</p7>
            <p8>18.189</p8>
            <p9>30.0499</p9>
            <p10>34.3803</p10>
        </phase>
        <amplitude_rms>
            <ar0>0</ar0>
            <ar1>0</ar1>
            <ar2>0</ar2>
            <ar3>0</ar3>
            <ar4>0</ar4>
            <ar5>0</ar5>
            <ar6>0</ar6>
            <ar7>0</ar7>
            <ar8>0</ar8>
            <ar9>0</ar9>
            <ar10>0</ar10>
        </amplitude_rms>
        <phase_rms>
            <pr0>0</pr0>
            <pr1>0</pr1>
            <pr2>0</pr2>
            <pr3>0</pr3>
            <pr4>0</pr4>
            <pr5>0</pr5>
            <pr6>0</pr6>
            <pr7>0</pr7>
            <pr8>0</pr8>
            <pr9>0</pr9>
            <pr10>0</pr10>
        </phase_rms>
        <additional1></additional1>
        <additional2></additional2>
    </D2022-03-17_T12-19-22>
    <D2022-03-17_T12-20-06>
        <datetime>2022-03-17T12:20:06</datetime>
        <serialnumber>n967</serialnumber>
        <TS>44406</TS>
        <frequency>
            <f0>976.563</f0>
            <f1>1953.13</f1>
            <f2>3906.25</f2>
            <f3>7812.5</f3>
            <f4>15625</f4>
            <f5>31250</f5>
            <f6>62500</f6>
            <f7>125000</f7>
            <f8>250000</f8>
            <f9>500000</f9>
            <f10>1e+06</f10>
        </frequency>
        <amplitude>
            <a0>44.1131</a0>
            <a1>43.9309</a1>
            <a2>43.9309</a2>
            <a3>43.4454</a3>
            <a4>42.7712</a4>
            <a5>42.1552</a5>
            <a6>41.3163</a6>
            <a7>39.5625</a7>
            <a8>37.8457</a8>
            <a9>35.6521</a9>
            <a10>28.7488</a10>
        </amplitude>
        <phase>
            <p0>5.04245</p0>
            <p1>6.07959</p1>
            <p2>6.07959</p2>
            <p3>6.49077</p3>
            <p4>7.64041</p4>
            <p5>9.17354</p5>
            <p6>10.8178</p6>
            <p7>13.2191</p7>
            <p8>18.3112</p8>
            <p9>29.5388</p9>
            <p10>33.2614</p10>
        </phase>
        <amplitude_rms>
            <ar0>0</ar0>
            <ar1>0</ar1>
            <ar2>0</ar2>
            <ar3>0</ar3>
            <ar4>0</ar4>
            <ar5>0</ar5>
            <ar6>0</ar6>
            <ar7>0</ar7>
            <ar8>0</ar8>
            <ar9>0</ar9>
            <ar10>0</ar10>
        </amplitude_rms>
        <phase_rms>
            <pr0>0</pr0>
            <pr1>0</pr1>
            <pr2>0</pr2>
            <pr3>0</pr3>
            <pr4>0</pr4>
            <pr5>0</pr5>
            <pr6>0</pr6>
            <pr7>0</pr7>
            <pr8>0</pr8>
            <pr9>0</pr9>
            <pr10>0</pr10>
        </phase_rms>
        <additional1></additional1>
        <additional2></additional2>
    </D2022-03-17_T12-20-06>
    <D2022-03-17_T12-20-48>
        <datetime>2022-03-17T12:20:48</datetime>
        <serialnumber>n967</serialnumber>
        <TS>44448</TS>
        <frequency>
            <f0>976.563</f0>
            <f1>1953.13</f1>
            <f2>3906.25</f2>
            <f3>7812.5</f3>
            <f4>15625</f4>
            <f5>31250</f5>
            <f6>62500</f6>
            <f7>125000</f7>
            <f8>250000</f8>
            <f9>500000</f9>
            <f10>1e+06</f10>
        </frequency>
        <amplitude>
            <a0>57.6397</a0>
            <a1>57.1502</a1>
            <a2>56.893</a2>
            <a3>57.0367</a3>
            <a4>56.5898</a4>
            <a5>56.0929</a5>
            <a6>54.5457</a6>
            <a7>52.0992</a7>
            <a8>49.8614</a8>
            <a9>47.707</a9>
            <a10>37.729</a10>
        </amplitude>
        <phase>
            <p0>5.40379</p0>
            <p1>5.71059</p1>
            <p2>5.7365</p2>
            <p3>7.0284</p3>
            <p4>7.61194</p4>
            <p5>9.54913</p5>
            <p6>11.2034</p6>
            <p7>13.4847</p7>
            <p8>18.4349</p8>
            <p9>29.8989</p9>
            <p10>31.8389</p10>
        </phase>
        <amplitude_rms>
            <ar0>0</ar0>
            <ar1>0</ar1>
            <ar2>0</ar2>
            <ar3>0</ar3>
            <ar4>0</ar4>
            <ar5>0</ar5>
            <ar6>0</ar6>
            <ar7>0</ar7>
            <ar8>0</ar8>
            <ar9>0</ar9>
            <ar10>0</ar10>
        </amplitude_rms>
        <phase_rms>
            <pr0>0</pr0>
            <pr1>0</pr1>
            <pr2>0</pr2>
            <pr3>0</pr3>
            <pr4>0</pr4>
            <pr5>0</pr5>
            <pr6>0</pr6>
            <pr7>0</pr7>
            <pr8>0</pr8>
            <pr9>0</pr9>
            <pr10>0</pr10>
        </phase_rms>
        <additional1></additional1>
        <additional2></additional2>
    </D2022-03-17_T12-20-48>
    <D2022-03-17_T12-22-07>
        <datetime>2022-03-17T12:22:07</datetime>
        <serialnumber>n967</serialnumber>
        <TS>44527</TS>
        <frequency>
            <f0>976.563</f0>
            <f1>1953.13</f1>
            <f2>3906.25</f2>
            <f3>7812.5</f3>
            <f4>15625</f4>
            <f5>31250</f5>
            <f6>62500</f6>
            <f7>125000</f7>
            <f8>250000</f8>
            <f9>500000</f9>
            <f10>1e+06</f10>
        </frequency>
        <amplitude>
            <a0>57.1011</a0>
            <a1>56.9194</a1>
            <a2>56.4331</a2>
            <a3>56.2357</a3>
            <a4>55.6006</a4>
            <a5>55.0305</a5>
            <a6>53.4813</a6>
            <a7>51.6581</a7>
            <a8>49.3712</a8>
            <a9>47.2595</a9>
            <a10>35.9098</a10>
        </amplitude>
        <phase>
            <p0>5.19443</p0>
            <p1>5.99539</p1>
            <p2>6.31121</p2>
            <p3>6.86369</p3>
            <p4>8.01709</p4>
            <p5>9.46232</p5>
            <p6>11.147</p6>
            <p7>13.8972</p7>
            <p8>18.6247</p8>
            <p9>30.2113</p9>
            <p10>30.2564</p10>
        </phase>
        <amplitude_rms>
            <ar0>0</ar0>
            <ar1>0</ar1>
            <ar2>0</ar2>
            <ar3>0</ar3>
            <ar4>0</ar4>
            <ar5>0</ar5>
            <ar6>0</ar6>
            <ar7>0</ar7>
            <ar8>0</ar8>
            <ar9>0</ar9>
            <ar10>0</ar10>
        </amplitude_rms>
        <phase_rms>
            <pr0>0</pr0>
            <pr1>0</pr1>
            <pr2>0</pr2>
            <pr3>0</pr3>
            <pr4>0</pr4>
            <pr5>0</pr5>
            <pr6>0</pr6>
            <pr7>0</pr7>
            <pr8>0</pr8>
            <pr9>0</pr9>
            <pr10>0</pr10>
        </phase_rms>
        <additional1></additional1>
        <additional2></additional2>
    </D2022-03-17_T12-22-07>
    <D2022-03-17_T12-22-54>
        <datetime>2022-03-17T12:22:54</datetime>
        <serialnumber>n967</serialnumber>
        <TS>44574</TS>
        <frequency>
            <f0>976.563</f0>
            <f1>1953.13</f1>
            <f2>3906.25</f2>
            <f3>7812.5</f3>
            <f4>15625</f4>
            <f5>31250</f5>
            <f6>62500</f6>
            <f7>125000</f7>
            <f8>250000</f8>
            <f9>500000</f9>
            <f10>1e+06</f10>
        </frequency>
        <amplitude>
            <a0>58.1791</a0>
            <a1>58.1544</a1>
            <a2>58.2319</a2>
            <a3>57.5498</a3>
            <a4>56.8807</a4>
            <a5>56.0506</a5>
            <a6>54.4961</a6>
            <a7>52.6624</a7>
            <a8>50.6788</a8>
            <a9>48.1898</a9>
            <a10>36.3288</a10>
        </amplitude>
        <phase>
            <p0>5.60927</p0>
            <p1>5.35583</p1>
            <p2>6.1155</p2>
            <p3>6.96542</p3>
            <p4>7.83553</p4>
            <p5>9.28857</p5>
            <p6>10.9368</p6>
            <p7>13.627</p7>
            <p8>18.4349</p8>
            <p9>30.2786</p9>
            <p10>28.9358</p10>
        </phase>
        <amplitude_rms>
            <ar0>0</ar0>
            <ar1>0</ar1>
            <ar2>0</ar2>
            <ar3>0</ar3>
            <ar4>0</ar4>
            <ar5>0</ar5>
            <ar6>0</ar6>
            <ar7>0</ar7>
            <ar8>0</ar8>
            <ar9>0</ar9>
            <ar10>0</ar10>
        </amplitude_rms>
        <phase_rms>
            <pr0>0</pr0>
            <pr1>0</pr1>
            <pr2>0</pr2>
            <pr3>0</pr3>
            <pr4>0</pr4>
            <pr5>0</pr5>
            <pr6>0</pr6>
            <pr7>0</pr7>
            <pr8>0</pr8>
            <pr9>0</pr9>
            <pr10>0</pr10>
        </phase_rms>
        <additional1></additional1>
        <additional2></additional2>
    </D2022-03-17_T12-22-54>
    <D2022-03-17_T12-23-49>
        <datetime>2022-03-17T12:23:49</datetime>
        <serialnumber>n967</serialnumber>
        <TS>44629</TS>
        <frequency>
            <f0>976.563</f0>
            <f1>1953.13</f1>
            <f2>3906.25</f2>
            <f3>7812.5</f3>
            <f4>15625</f4>
            <f5>31250</f5>
            <f6>62500</f6>
            <f7>125000</f7>
            <f8>250000</f8>
            <f9>500000</f9>
            <f10>1e+06</f10>
        </frequency>
        <amplitude>
            <a0>60.0051</a0>
            <a1>60.0313</a1>
            <a2>59.4907</a2>
            <a3>59.0896</a3>
            <a4>58.9645</a4>
            <a5>57.878</a5>
            <a6>56.6246</a6>
            <a7>54.5427</a7>
            <a8>51.7414</a8>
            <a9>49.4381</a9>
            <a10>36.5296</a10>
        </amplitude>
        <phase>
            <p0>5.68603</p0>
            <p1>5.93153</p1>
            <p2>5.73536</p2>
            <p3>6.78305</p3>
            <p4>7.81041</p4>
            <p5>9.25199</p5>
            <p6>11.0535</p6>
            <p7>13.707</p7>
            <p8>18.3444</p8>
            <p9>29.782</p9>
            <p10>26.9277</p10>
        </phase>
        <amplitude_rms>
            <ar0>0</ar0>
            <ar1>0</ar1>
            <ar2>0</ar2>
            <ar3>0</ar3>
            <ar4>0</ar4>
            <ar5>0</ar5>
            <ar6>0</ar6>
            <ar7>0</ar7>
            <ar8>0</ar8>
            <ar9>0</ar9>
            <ar10>0</ar10>
        </amplitude_rms>
        <phase_rms>
            <pr0>0</pr0>
            <pr1>0</pr1>
            <pr2>0</pr2>
            <pr3>0</pr3>
            <pr4>0</pr4>
            <pr5>0</pr5>
            <pr6>0</pr6>
            <pr7>0</pr7>
            <pr8>0</pr8>
            <pr9>0</pr9>
            <pr10>0</pr10>
        </phase_rms>
        <additional1></additional1>
        <additional2></additional2>
    </D2022-03-17_T12-23-49>
    <D2022-03-17_T12-25-11>
        <datetime>2022-03-17T12:25:11</datetime>
        <serialnumber>n967</serialnumber>
        <TS>44711</TS>
        <frequency>
            <f0>976.563</f0>
            <f1>1953.13</f1>
            <f2>3906.25</f2>
            <f3>7812.5</f3>
            <f4>15625</f4>
            <f5>31250</f5>
            <f6>62500</f6>
            <f7>125000</f7>
            <f8>250000</f8>
            <f9>500000</f9>
            <f10>1e+06</f10>
        </frequency>
        <amplitude>
            <a0>71.6109</a0>
            <a1>76.7659</a1>
            <a2>74.2534</a2>
            <a3>74.5807</a3>
            <a4>73.941</a4>
            <a5>72.8472</a5>
            <a6>71.8456</a6>
            <a7>61.5741</a7>
            <a8>67.2661</a8>
            <a9>59.7748</a9>
            <a10>21.994</a10>
        </amplitude>
        <phase>
            <p0>4.96974</p0>
            <p1>8.1301</p1>
            <p2>7.19923</p2>
            <p3>8.97263</p3>
            <p4>9.65989</p4>
            <p5>11.6688</p5>
            <p6>13.7363</p6>
            <p7>31.0875</p7>
            <p8>32.2854</p8>
            <p9>44.124</p9>
            <p10>23.5523</p10>
        </phase>
        <amplitude_rms>
            <ar0>0</ar0>
            <ar1>0</ar1>
            <ar2>0</ar2>
            <ar3>0</ar3>
            <ar4>0</ar4>
            <ar5>0</ar5>
            <ar6>0</ar6>
            <ar7>0</ar7>
            <ar8>0</ar8>
            <ar9>0</ar9>
            <ar10>0</ar10>
        </amplitude_rms>
        <phase_rms>
            <pr0>0</pr0>
            <pr1>0</pr1>
            <pr2>0</pr2>
            <pr3>0</pr3>
            <pr4>0</pr4>
            <pr5>0</pr5>
            <pr6>0</pr6>
            <pr7>0</pr7>
            <pr8>0</pr8>
            <pr9>0</pr9>
            <pr10>0</pr10>
        </phase_rms>
        <additional1></additional1>
        <additional2></additional2>
    </D2022-03-17_T12-25-11>
    <D2022-03-17_T12-25-37>
        <datetime>2022-03-17T12:25:37</datetime>
        <serialnumber>n967</serialnumber>
        <TS>44737</TS>
        <frequency>
            <f0>976.563</f0>
            <f1>1953.13</f1>
            <f2>3906.25</f2>
            <f3>7812.5</f3>
            <f4>15625</f4>
            <f5>31250</f5>
            <f6>62500</f6>
            <f7>125000</f7>
            <f8>250000</f8>
            <f9>500000</f9>
            <f10>1e+06</f10>
        </frequency>
        <amplitude>
            <a0>60.7768</a0>
            <a1>60.5455</a1>
            <a2>60.0586</a2>
            <a3>59.8903</a3>
            <a4>59.5121</a4>
            <a5>58.3883</a5>
            <a6>57.0835</a6>
            <a7>55.045</a7>
            <a8>52.3136</a8>
            <a9>50.144</a9>
            <a10>36.0889</a10>
        </amplitude>
        <phase>
            <p0>5.61361</p0>
            <p1>5.88097</p1>
            <p2>6.1768</p2>
            <p3>6.94098</p3>
            <p4>7.98933</p4>
            <p5>9.17042</p5>
            <p6>10.6993</p6>
            <p7>13.5795</p7>
            <p8>18.4349</p8>
            <p9>30.0013</p9>
            <p10>24.5458</p10>
        </phase>
        <amplitude_rms>
            <ar0>0</ar0>
            <ar1>0</ar1>
            <ar2>0</ar2>
            <ar3>0</ar3>
            <ar4>0</ar4>
            <ar5>0</ar5>
            <ar6>0</ar6>
            <ar7>0</ar7>
            <ar8>0</ar8>
            <ar9>0</ar9>
            <ar10>0</ar10>
        </amplitude_rms>
        <phase_rms>
            <pr0>0</pr0>
            <pr1>0</pr1>
            <pr2>0</pr2>
            <pr3>0</pr3>
            <pr4>0</pr4>
            <pr5>0</pr5>
            <pr6>0</pr6>
            <pr7>0</pr7>
            <pr8>0</pr8>
            <pr9>0</pr9>
            <pr10>0</pr10>
        </phase_rms>
        <additional1></additional1>
        <additional2></additional2>
    </D2022-03-17_T12-25-37>
    <D2022-03-17_T12-26-14>
        <datetime>2022-03-17T12:26:14</datetime>
        <serialnumber>n967</serialnumber>
        <TS>44774</TS>
        <frequency>
            <f0>976.563</f0>
            <f1>1953.13</f1>
            <f2>3906.25</f2>
            <f3>7812.5</f3>
            <f4>15625</f4>
            <f5>31250</f5>
            <f6>62500</f6>
            <f7>125000</f7>
            <f8>250000</f8>
            <f9>500000</f9>
            <f10>1e+06</f10>
        </frequency>
        <amplitude>
            <a0>61.2433</a0>
            <a1>61.0598</a1>
            <a2>60.5455</a2>
            <a3>60.1469</a3>
            <a4>59.7328</a4>
            <a5>58.8987</a5>
            <a6>57.3375</a6>
            <a7>55.045</a7>
            <a8>52.5588</a8>
            <a9>49.9203</a9>
            <a10>36.0111</a10>
        </amplitude>
        <phase>
            <p0>5.08496</p0>
            <p1>5.83127</p1>
            <p2>5.88097</p2>
            <p3>6.91123</p3>
            <p4>7.70933</p4>
            <p5>9.09028</p5>
            <p6>10.6514</p6>
            <p7>13.5795</p7>
            <p8>18.3458</p8>
            <p9>30.1497</p9>
            <p10>23.2526</p10>
        </phase>
        <amplitude_rms>
            <ar0>0</ar0>
            <ar1>0</ar1>
            <ar2>0</ar2>
            <ar3>0</ar3>
            <ar4>0</ar4>
            <ar5>0</ar5>
            <ar6>0</ar6>
            <ar7>0</ar7>
            <ar8>0</ar8>
            <ar9>0</ar9>
            <ar10>0</ar10>
        </amplitude_rms>
        <phase_rms>
            <pr0>0</pr0>
            <pr1>0</pr1>
            <pr2>0</pr2>
            <pr3>0</pr3>
            <pr4>0</pr4>
            <pr5>0</pr5>
            <pr6>0</pr6>
            <pr7>0</pr7>
            <pr8>0</pr8>
            <pr9>0</pr9>
            <pr10>0</pr10>
        </phase_rms>
        <additional1></additional1>
        <additional2></additional2>
    </D2022-03-17_T12-26-14>
    <D2022-03-17_T12-34-32>
        <datetime>2022-03-17T12:34:32</datetime>
        <serialnumber>n967</serialnumber>
        <TS>45272</TS>
        <frequency>
            <f0>976.563</f0>
            <f1>1953.13</f1>
            <f2>3906.25</f2>
            <f3>7812.5</f3>
            <f4>15625</f4>
            <f5>31250</f5>
            <f6>62500</f6>
            <f7>125000</f7>
            <f8>250000</f8>
            <f9>500000</f9>
            <f10>1e+06</f10>
        </frequency>
        <amplitude>
            <a0>132.602</a0>
            <a1>83.7489</a1>
            <a2>86.8542</a2>
            <a3>85.2999</a3>
            <a4>54.4476</a4>
            <a5>59.6046</a5>
            <a6>59.0896</a6>
            <a7>65.0898</a7>
            <a8>69.4689</a8>
            <a9>80.7903</a9>
            <a10>51.3441</a10>
        </amplitude>
        <phase>
            <p0>nan</p0>
            <p1>nan</p1>
            <p2>-0.511556</p2>
            <p3>nan</p3>
            <p4>17.4027</p4>
            <p5>19.7708</p5>
            <p6>21.2894</p6>
            <p7>25.6492</p7>
            <p8>33.9266</p8>
            <p9>44.4815</p9>
            <p10>25.0169</p10>
        </phase>
        <amplitude_rms>
            <ar0>0</ar0>
            <ar1>0</ar1>
            <ar2>0</ar2>
            <ar3>0</ar3>
            <ar4>0</ar4>
            <ar5>0</ar5>
            <ar6>0</ar6>
            <ar7>0</ar7>
            <ar8>0</ar8>
            <ar9>0</ar9>
            <ar10>0</ar10>
        </amplitude_rms>
        <phase_rms>
            <pr0>nan</pr0>
            <pr1>nan</pr1>
            <pr2>0</pr2>
            <pr3>nan</pr3>
            <pr4>0</pr4>
            <pr5>0</pr5>
            <pr6>0</pr6>
            <pr7>0</pr7>
            <pr8>0</pr8>
            <pr9>0</pr9>
            <pr10>0</pr10>
        </phase_rms>
        <additional1></additional1>
        <additional2></additional2>
    </D2022-03-17_T12-34-32>
    <D2022-03-17_T12-34-58>
        <datetime>2022-03-17T12:34:58</datetime>
        <serialnumber>n967</serialnumber>
        <TS>45298</TS>
        <frequency>
            <f0>976.563</f0>
            <f1>1953.13</f1>
            <f2>3906.25</f2>
            <f3>7812.5</f3>
            <f4>15625</f4>
            <f5>31250</f5>
            <f6>62500</f6>
            <f7>125000</f7>
            <f8>250000</f8>
            <f9>500000</f9>
            <f10>1e+06</f10>
        </frequency>
        <amplitude>
            <a0>132.602</a0>
            <a1>42.0037</a1>
            <a2>43.5564</a2>
            <a3>42.7792</a3>
            <a4>27.3531</a4>
            <a5>29.9316</a5>
            <a6>29.674</a6>
            <a7>32.6742</a7>
            <a8>34.8637</a8>
            <a9>40.5244</a9>
            <a10>25.8013</a10>
        </amplitude>
        <phase>
            <p0>-180</p0>
            <p1>nan</p1>
            <p2>-45.2558</p2>
            <p3>-90</p3>
            <p4>-36.2986</p4>
            <p5>-35.1146</p5>
            <p6>-34.3553</p6>
            <p7>-32.1754</p7>
            <p8>-28.0367</p8>
            <p9>44.4815</p9>
            <p10>-32.4916</p10>
        </phase>
        <amplitude_rms>
            <ar0>0</ar0>
            <ar1>99.38</ar1>
            <ar2>99.41</ar2>
            <ar3>99.4</ar3>
            <ar4>99.06</ar4>
            <ar5>99.14</ar5>
            <ar6>99.13</ar6>
            <ar7>99.21</ar7>
            <ar8>99.26</ar8>
            <ar9>99.36</ar9>
            <ar10>99</ar10>
        </amplitude_rms>
        <phase_rms>
            <pr0>0</pr0>
            <pr1>nan</pr1>
            <pr2>44.74</pr2>
            <pr3>0</pr3>
            <pr4>53.7</pr4>
            <pr5>54.89</pr5>
            <pr6>55.64</pr6>
            <pr7>57.82</pr7>
            <pr8>61.96</pr8>
            <pr9>0</pr9>
            <pr10>57.51</pr10>
        </phase_rms>
        <additional1></additional1>
        <additional2></additional2>
    </D2022-03-17_T12-34-58>
</Sandra>
