<?xml version="1.0" encoding="UTF-8"?>
<Adrienne>
    <D2021-12-08_T09-26-06>
        <datetime>2021-12-08T09:26:06</datetime>
        <serialnumber>s2</serialnumber>
        <TS>33966</TS>
        <frequency>
            <f0>976.563</f0>
            <f1>1953.13</f1>
            <f2>3906.25</f2>
            <f3>7812.5</f3>
            <f4>15625</f4>
            <f5>31250</f5>
            <f6>62500</f6>
            <f7>125000</f7>
            <f8>250000</f8>
            <f9>500000</f9>
            <f10>1e+06</f10>
        </frequency>
        <amplitude>
            <a0>332.731</a0>
            <a1>323.049</a1>
            <a2>325.723</a2>
            <a3>317.536</a3>
            <a4>312.783</a4>
            <a5>301.942</a5>
            <a6>292.061</a6>
            <a7>290.575</a7>
            <a8>269.079</a8>
            <a9>389.599</a9>
            <a10>521.099</a10>
        </amplitude>
        <phase>
            <p0>-2.97072</p0>
            <p1>-0.296981</p1>
            <p2>1.31269</p2>
            <p3>1.45058</p3>
            <p4>2.6663</p4>
            <p5>3.43801</p5>
            <p6>5.31509</p6>
            <p7>7.00614</p7>
            <p8>12.8997</p8>
            <p9>46.8352</p9>
            <p10>54.789</p10>
        </phase>
        <amplitude_rms>
            <ar0>1.715</ar0>
            <ar1>0.8625</ar1>
            <ar2>0.7906</ar2>
            <ar3>0.8912</ar3>
            <ar4>0.7681</ar4>
            <ar5>0.4629</ar5>
            <ar6>0.9104</ar6>
            <ar7>2.973</ar7>
            <ar8>0.7746</ar8>
            <ar9>3.694</ar9>
            <ar10>2.357</ar10>
        </amplitude_rms>
        <phase_rms>
            <pr0>0.1827</pr0>
            <pr1>0.356</pr1>
            <pr2>0.05824</pr2>
            <pr3>0.3515</pr3>
            <pr4>0.1826</pr4>
            <pr5>0.2248</pr5>
            <pr6>0.3395</pr6>
            <pr7>0.5995</pr7>
            <pr8>1.329</pr8>
            <pr9>1.046</pr9>
            <pr10>0.2548</pr10>
        </phase_rms>
        <additional1></additional1>
        <additional2></additional2>
    </D2021-12-08_T09-26-06>
</Adrienne>
