<?xml version="1.0" encoding="UTF-8"?>
<Adrienne>
    <D2021-12-08_T09-45-24>
        <datetime>2021-12-08T09:45:24</datetime>
        <serialnumber>s2</serialnumber>
        <TS>35124</TS>
        <frequency>
            <f0>976.563</f0>
            <f1>1953.13</f1>
            <f2>3906.25</f2>
            <f3>7812.5</f3>
            <f4>15625</f4>
            <f5>31250</f5>
            <f6>62500</f6>
            <f7>125000</f7>
            <f8>250000</f8>
            <f9>500000</f9>
            <f10>1e+06</f10>
        </frequency>
        <amplitude>
            <a0>335.989</a0>
            <a1>323.218</a1>
            <a2>335.413</a2>
            <a3>319.35</a3>
            <a4>307.186</a4>
            <a5>242.966</a5>
            <a6>217.341</a6>
            <a7>172.116</a7>
            <a8>301.582</a8>
            <a9>320.878</a9>
            <a10>325.198</a10>
        </amplitude>
        <phase>
            <p0>-5.03381</p0>
            <p1>-1.76829</p1>
            <p2>0.626917</p2>
            <p3>1.41041</p3>
            <p4>2.6553</p4>
            <p5>4.08271</p5>
            <p6>-0.579083</p6>
            <p7>8.00145</p7>
            <p8>20.0072</p8>
            <p9>36.9588</p9>
            <p10>44.3501</p10>
        </phase>
        <amplitude_rms>
            <ar0>0</ar0>
            <ar1>0</ar1>
            <ar2>0</ar2>
            <ar3>0</ar3>
            <ar4>0</ar4>
            <ar5>0</ar5>
            <ar6>0</ar6>
            <ar7>0</ar7>
            <ar8>0</ar8>
            <ar9>0</ar9>
            <ar10>0</ar10>
        </amplitude_rms>
        <phase_rms>
            <pr0>0</pr0>
            <pr1>0</pr1>
            <pr2>0</pr2>
            <pr3>0</pr3>
            <pr4>0</pr4>
            <pr5>0</pr5>
            <pr6>0</pr6>
            <pr7>0</pr7>
            <pr8>0</pr8>
            <pr9>0</pr9>
            <pr10>0</pr10>
        </phase_rms>
        <additional1></additional1>
        <additional2></additional2>
    </D2021-12-08_T09-45-24>
</Adrienne>
