<?xml version="1.0" encoding="UTF-8"?>
<Adrienne>
    <D2021-12-08_T10-10-28>
        <datetime>2021-12-08T10:10:28</datetime>
        <serialnumber>s2</serialnumber>
        <TS>36628</TS>
        <frequency>
            <f0>976.563</f0>
            <f1>1953.13</f1>
            <f2>3906.25</f2>
            <f3>7812.5</f3>
            <f4>15625</f4>
            <f5>31250</f5>
            <f6>62500</f6>
            <f7>125000</f7>
            <f8>250000</f8>
            <f9>500000</f9>
            <f10>1e+06</f10>
        </frequency>
        <amplitude>
            <a0>161.045</a0>
            <a1>177.334</a1>
            <a2>153.178</a2>
            <a3>138.949</a3>
            <a4>143.659</a4>
            <a5>102.362</a5>
            <a6>38.8545</a6>
            <a7>46.0305</a7>
            <a8>300.697</a8>
            <a9>337.543</a9>
            <a10>727.678</a10>
        </amplitude>
        <phase>
            <p0>-52.8206</p0>
            <p1>-49.2788</p1>
            <p2>-14.5886</p2>
            <p3>9.30051</p3>
            <p4>26.8477</p4>
            <p5>40.8367</p5>
            <p6>38.374</p6>
            <p7>27.8314</p7>
            <p8>28.1681</p8>
            <p9>40.5586</p9>
            <p10>59.3684</p10>
        </phase>
        <amplitude_rms>
            <ar0>0</ar0>
            <ar1>0</ar1>
            <ar2>0</ar2>
            <ar3>0</ar3>
            <ar4>0</ar4>
            <ar5>0</ar5>
            <ar6>0</ar6>
            <ar7>0</ar7>
            <ar8>0</ar8>
            <ar9>0</ar9>
            <ar10>0</ar10>
        </amplitude_rms>
        <phase_rms>
            <pr0>0</pr0>
            <pr1>0</pr1>
            <pr2>0</pr2>
            <pr3>0</pr3>
            <pr4>0</pr4>
            <pr5>0</pr5>
            <pr6>0</pr6>
            <pr7>0</pr7>
            <pr8>0</pr8>
            <pr9>0</pr9>
            <pr10>0</pr10>
        </phase_rms>
        <additional1></additional1>
        <additional2></additional2>
    </D2021-12-08_T10-10-28>
</Adrienne>
