<?xml version="1.0" encoding="UTF-8"?>
<Adrienne>
    <D2021-12-08_T09-59-36>
        <datetime>2021-12-08T09:59:36</datetime>
        <serialnumber>s2</serialnumber>
        <TS>35976</TS>
        <frequency>
            <f0>976.563</f0>
            <f1>1953.13</f1>
            <f2>3906.25</f2>
            <f3>7812.5</f3>
            <f4>15625</f4>
            <f5>31250</f5>
            <f6>62500</f6>
            <f7>125000</f7>
            <f8>250000</f8>
            <f9>500000</f9>
            <f10>1e+06</f10>
        </frequency>
        <amplitude>
            <a0>189.378</a0>
            <a1>226.414</a1>
            <a2>228.173</a2>
            <a3>216.266</a3>
            <a4>194.85</a4>
            <a5>138.674</a5>
            <a6>66.4912</a6>
            <a7>64.962</a7>
            <a8>338.488</a8>
            <a9>602.191</a9>
            <a10>615.585</a10>
        </amplitude>
        <phase>
            <p0>-33.3722</p0>
            <p1>-19.7913</p1>
            <p2>-7.37631</p2>
            <p3>2.48788</p3>
            <p4>12.2026</p4>
            <p5>23.4574</p5>
            <p6>19.435</p6>
            <p7>15.0264</p7>
            <p8>32.0928</p8>
            <p9>54.1898</p9>
            <p10>56.9706</p10>
        </phase>
        <amplitude_rms>
            <ar0>7.914</ar0>
            <ar1>13</ar1>
            <ar2>17.98</ar2>
            <ar3>21.07</ar3>
            <ar4>20.13</ar4>
            <ar5>16.11</ar5>
            <ar6>18.97</ar6>
            <ar7>9.765</ar7>
            <ar8>11.77</ar8>
            <ar9>43.44</ar9>
            <ar10>43.49</ar10>
        </amplitude_rms>
        <phase_rms>
            <pr0>5.789</pr0>
            <pr1>9.715</pr1>
            <pr2>3.944</pr2>
            <pr3>0.1609</pr3>
            <pr4>3.532</pr4>
            <pr5>5.271</pr5>
            <pr6>5.738</pr6>
            <pr7>4.498</pr7>
            <pr8>5.366</pr8>
            <pr9>13.81</pr9>
            <pr10>10.44</pr10>
        </phase_rms>
        <additional1></additional1>
        <additional2></additional2>
    </D2021-12-08_T09-59-36>
</Adrienne>
