<?xml version="1.0" encoding="UTF-8"?>
<Adrienne>
    <D2021-12-08_T09-46-40>
        <datetime>2021-12-08T09:46:40</datetime>
        <serialnumber>s2</serialnumber>
        <TS>35200</TS>
        <frequency>
            <f0>976.563</f0>
            <f1>1953.13</f1>
            <f2>3906.25</f2>
            <f3>7812.5</f3>
            <f4>15625</f4>
            <f5>31250</f5>
            <f6>62500</f6>
            <f7>125000</f7>
            <f8>250000</f8>
            <f9>500000</f9>
            <f10>1e+06</f10>
        </frequency>
        <amplitude>
            <a0>343.026</a0>
            <a1>332.96</a1>
            <a2>338.648</a2>
            <a3>326.359</a3>
            <a4>307.62</a4>
            <a5>270.737</a5>
            <a6>234.723</a6>
            <a7>201.102</a7>
            <a8>300.787</a8>
            <a9>322.524</a9>
            <a10>327.529</a10>
        </amplitude>
        <phase>
            <p0>-4.59896</p0>
            <p1>-1.66275</p1>
            <p2>1.26978</p2>
            <p3>1.49476</p3>
            <p4>3.16404</p4>
            <p5>3.89825</p5>
            <p6>-0.834387</p6>
            <p7>7.50949</p7>
            <p8>20.0881</p8>
            <p9>37.1082</p9>
            <p10>44.8949</p10>
        </phase>
        <amplitude_rms>
            <ar0>0.4591</ar0>
            <ar1>0.5098</ar1>
            <ar2>0.7554</ar2>
            <ar3>0.3631</ar3>
            <ar4>0.8854</ar4>
            <ar5>1.907</ar5>
            <ar6>9.258</ar6>
            <ar7>8.338</ar7>
            <ar8>0.4354</ar8>
            <ar9>0.5103</ar9>
            <ar10>0.4712</ar10>
        </amplitude_rms>
        <phase_rms>
            <pr0>1.374</pr0>
            <pr1>0.6902</pr1>
            <pr2>0.2898</pr2>
            <pr3>0.2713</pr3>
            <pr4>0.08302</pr4>
            <pr5>0.4926</pr5>
            <pr6>0.875</pr6>
            <pr7>0.3296</pr7>
            <pr8>0.4592</pr8>
            <pr9>0.1495</pr9>
            <pr10>0.205</pr10>
        </phase_rms>
        <additional1></additional1>
        <additional2></additional2>
    </D2021-12-08_T09-46-40>
</Adrienne>
