<?xml version="1.0" encoding="UTF-8"?>
<Adrienne>
    <D2021-12-08_T10-15-51>
        <datetime>2021-12-08T10:15:51</datetime>
        <serialnumber>s2</serialnumber>
        <TS>36951</TS>
        <frequency>
            <f0>976.563</f0>
            <f1>1953.13</f1>
            <f2>3906.25</f2>
            <f3>7812.5</f3>
            <f4>15625</f4>
            <f5>31250</f5>
            <f6>62500</f6>
            <f7>125000</f7>
            <f8>250000</f8>
            <f9>500000</f9>
            <f10>1e+06</f10>
        </frequency>
        <amplitude>
            <a0>157.352</a0>
            <a1>215.819</a1>
            <a2>219.618</a2>
            <a3>188.397</a3>
            <a4>158.784</a4>
            <a5>105.449</a5>
            <a6>33.6382</a6>
            <a7>28.6232</a7>
            <a8>271.301</a8>
            <a9>349.407</a9>
            <a10>776.627</a10>
        </amplitude>
        <phase>
            <p0>-55.5961</p0>
            <p1>-20.2322</p1>
            <p2>-3.35923</p2>
            <p3>11.7207</p3>
            <p4>30.5078</p4>
            <p5>51.987</p5>
            <p6>89.6038</p6>
            <p7>60.9734</p7>
            <p8>32.5442</p8>
            <p9>42.4096</p9>
            <p10>59.9234</p10>
        </phase>
        <amplitude_rms>
            <ar0>0.3343</ar0>
            <ar1>2.579</ar1>
            <ar2>3.397</ar2>
            <ar3>3.091</ar3>
            <ar4>0.2325</ar4>
            <ar5>2.618</ar5>
            <ar6>1.649</ar6>
            <ar7>1.769</ar7>
            <ar8>0.3315</ar8>
            <ar9>1.641</ar9>
            <ar10>0.13</ar10>
        </amplitude_rms>
        <phase_rms>
            <pr0>2.031</pr0>
            <pr1>1.124</pr1>
            <pr2>0.6303</pr2>
            <pr3>0.42</pr3>
            <pr4>0.09905</pr4>
            <pr5>0.536</pr5>
            <pr6>1.466</pr6>
            <pr7>2.56</pr7>
            <pr8>0.2188</pr8>
            <pr9>0.0468</pr9>
            <pr10>0.3763</pr10>
        </phase_rms>
        <additional1></additional1>
        <additional2></additional2>
    </D2021-12-08_T10-15-51>
</Adrienne>
