<?xml version="1.0" encoding="UTF-8"?>
<CALIBRATION>
    <MAGNITUDE>
        <f0>3.551</f0>
        <f1>3.552</f1>
        <f2>3.551</f2>
        <f3>3.551</f3>
        <f4>3.559</f4>
        <f5>3.542</f5>
        <f6>3.543</f6>
        <f7>3.546</f7>
        <f8>3.538</f8>
        <f9>3.469</f9>
        <f10>3.353</f10>
    </MAGNITUDE>
    <PHASE>
        <f0>-5.973</f0>
        <f1>-6.167</f1>
        <f2>-5.973</f2>
        <f3>-6.021</f3>
        <f4>-6.13</f4>
        <f5>-6.338</f5>
        <f6>-6.626</f6>
        <f7>-7.441</f7>
        <f8>-8.423</f8>
        <f9>-11.78</f9>
        <f10>-18.88</f10>
    </PHASE>
</CALIBRATION>
