<?xml version="1.0" encoding="UTF-8"?>
<default>
    <D2021-12-08_T09-09-52>
        <datetime>2021-12-08T09:09:52</datetime>
        <serialnumber>0</serialnumber>
        <TS>32992</TS>
        <frequency>
            <f0>976.563</f0>
            <f1>1953.13</f1>
            <f2>3906.25</f2>
            <f3>7812.5</f3>
            <f4>15625</f4>
            <f5>31250</f5>
            <f6>62500</f6>
            <f7>125000</f7>
            <f8>250000</f8>
            <f9>500000</f9>
            <f10>1e+06</f10>
        </frequency>
        <amplitude>
            <a0>305.229</a0>
            <a1>299.393</a1>
            <a2>297.933</a2>
            <a3>296.435</a3>
            <a4>302.342</a4>
            <a5>298.613</a5>
            <a6>300.704</a6>
            <a7>292.708</a7>
            <a8>306.179</a8>
            <a9>308.985</a9>
            <a10>309.671</a10>
        </amplitude>
        <phase>
            <p0>11.6517</p0>
            <p1>7.81446</p1>
            <p2>7.40236</p2>
            <p3>8.57575</p3>
            <p4>9.96953</p4>
            <p5>11.0034</p5>
            <p6>8.00473</p6>
            <p7>4.1019</p7>
            <p8>8.95595</p8>
            <p9>12.8337</p9>
            <p10>12.9248</p10>
        </phase>
        <amplitude_rms>
            <ar0>0.4502</ar0>
            <ar1>0.4377</ar1>
            <ar2>0.0503</ar2>
            <ar3>0.776</ar3>
            <ar4>0.06661</ar4>
            <ar5>0.07435</ar5>
            <ar6>0</ar6>
            <ar7>0.3964</ar7>
            <ar8>0.928</ar8>
            <ar9>0.2834</ar9>
            <ar10>3.912</ar10>
        </amplitude_rms>
        <phase_rms>
            <pr0>0.1697</pr0>
            <pr1>0.1903</pr1>
            <pr2>0.2218</pr2>
            <pr3>0.06705</pr3>
            <pr4>0.2171</pr4>
            <pr5>0.2191</pr5>
            <pr6>0</pr6>
            <pr7>0.01629</pr7>
            <pr8>0.5773</pr8>
            <pr9>0.2582</pr9>
            <pr10>3.021</pr10>
        </phase_rms>
        <additional1></additional1>
        <additional2></additional2>
    </D2021-12-08_T09-09-52>
</default>
