<?xml version="1.0" encoding="UTF-8"?>
<Mona>
    <D2022-03-15_T10-03-40>
        <datetime>2022-03-15T10:03:40</datetime>
        <serialnumber>n985</serialnumber>
        <TS>36220</TS>
        <frequency>
            <f0>976.563</f0>
            <f1>1953.13</f1>
            <f2>3906.25</f2>
            <f3>7812.5</f3>
            <f4>15625</f4>
            <f5>31250</f5>
            <f6>62500</f6>
            <f7>125000</f7>
            <f8>250000</f8>
            <f9>500000</f9>
            <f10>1e+06</f10>
        </frequency>
        <amplitude>
            <a0>94.0954</a0>
            <a1>95.3177</a1>
            <a2>94.7514</a2>
            <a3>93.9835</a3>
            <a4>92.6821</a4>
            <a5>89.6211</a5>
            <a6>87.1445</a6>
            <a7>85.2187</a7>
            <a8>81.4263</a8>
            <a9>76.3142</a9>
            <a10>61.2701</a10>
        </amplitude>
        <phase>
            <p0>8.53077</p0>
            <p1>7.00938</p1>
            <p2>7.99747</p2>
            <p3>8.06325</p3>
            <p4>9.14708</p4>
            <p5>9.46232</p5>
            <p6>11.8099</p6>
            <p7>15.3008</p7>
            <p8>19.4703</p8>
            <p9>27.867</p9>
            <p10>30.1346</p10>
        </phase>
        <amplitude_rms>
            <ar0>0</ar0>
            <ar1>0</ar1>
            <ar2>0</ar2>
            <ar3>0</ar3>
            <ar4>0</ar4>
            <ar5>0</ar5>
            <ar6>0</ar6>
            <ar7>0</ar7>
            <ar8>0</ar8>
            <ar9>0</ar9>
            <ar10>0</ar10>
        </amplitude_rms>
        <phase_rms>
            <pr0>0</pr0>
            <pr1>0</pr1>
            <pr2>0</pr2>
            <pr3>0</pr3>
            <pr4>0</pr4>
            <pr5>0</pr5>
            <pr6>0</pr6>
            <pr7>0</pr7>
            <pr8>0</pr8>
            <pr9>0</pr9>
            <pr10>0</pr10>
        </phase_rms>
        <additional1></additional1>
        <additional2></additional2>
    </D2022-03-15_T10-03-40>
    <D2022-03-15_T10-05-17>
        <datetime>2022-03-15T10:05:17</datetime>
        <serialnumber>n985</serialnumber>
        <TS>36317</TS>
        <frequency>
            <f0>976.563</f0>
            <f1>1953.13</f1>
            <f2>3906.25</f2>
            <f3>7812.5</f3>
            <f4>15625</f4>
            <f5>31250</f5>
            <f6>62500</f6>
            <f7>125000</f7>
            <f8>250000</f8>
            <f9>500000</f9>
            <f10>1e+06</f10>
        </frequency>
        <amplitude>
            <a0>99.0549</a0>
            <a1>98.6991</a1>
            <a2>97.0556</a2>
            <a3>94.0954</a3>
            <a4>93.7048</a4>
            <a5>90.7943</a5>
            <a6>88.8224</a6>
            <a7>86.92</a7>
            <a8>82.6831</a8>
            <a9>77.4289</a9>
            <a10>63.1305</a10>
        </amplitude>
        <phase>
            <p0>9.46232</p0>
            <p1>8.1301</p1>
            <p2>7.8064</p2>
            <p3>8.53077</p3>
            <p4>10.008</p4>
            <p5>10.8301</p5>
            <p6>12.0948</p6>
            <p7>15.5241</p7>
            <p8>20.3045</p8>
            <p9>29.389</p9>
            <p10>30.2396</p10>
        </phase>
        <amplitude_rms>
            <ar0>0</ar0>
            <ar1>0</ar1>
            <ar2>0</ar2>
            <ar3>0</ar3>
            <ar4>0</ar4>
            <ar5>0</ar5>
            <ar6>0</ar6>
            <ar7>0</ar7>
            <ar8>0</ar8>
            <ar9>0</ar9>
            <ar10>0</ar10>
        </amplitude_rms>
        <phase_rms>
            <pr0>0</pr0>
            <pr1>0</pr1>
            <pr2>0</pr2>
            <pr3>0</pr3>
            <pr4>0</pr4>
            <pr5>0</pr5>
            <pr6>0</pr6>
            <pr7>0</pr7>
            <pr8>0</pr8>
            <pr9>0</pr9>
            <pr10>0</pr10>
        </phase_rms>
        <additional1></additional1>
        <additional2></additional2>
    </D2022-03-15_T10-05-17>
    <D2022-03-15_T10-05-51>
        <datetime>2022-03-15T10:05:51</datetime>
        <serialnumber>n985</serialnumber>
        <TS>36351</TS>
        <frequency>
            <f0>976.563</f0>
            <f1>1953.13</f1>
            <f2>3906.25</f2>
            <f3>7812.5</f3>
            <f4>15625</f4>
            <f5>31250</f5>
            <f6>62500</f6>
            <f7>125000</f7>
            <f8>250000</f8>
            <f9>500000</f9>
            <f10>1e+06</f10>
        </frequency>
        <amplitude>
            <a0>102.881</a0>
            <a1>102.116</a1>
            <a2>98.1645</a2>
            <a3>96.512</a3>
            <a4>94.0954</a4>
            <a5>92.9412</a5>
            <a6>88.9881</a6>
            <a7>87.1307</a7>
            <a8>83.1472</a8>
            <a9>77.7312</a9>
            <a10>64.4145</a10>
        </amplitude>
        <phase>
            <p0>9.10733</p0>
            <p1>9.1762</p1>
            <p2>9.09028</p2>
            <p3>8.78116</p3>
            <p4>8.53077</p4>
            <p5>10.0911</p5>
            <p6>12.583</p6>
            <p7>16.0154</p7>
            <p8>19.6179</p8>
            <p9>28.6105</p9>
            <p10>30.3723</p10>
        </phase>
        <amplitude_rms>
            <ar0>0</ar0>
            <ar1>0</ar1>
            <ar2>0</ar2>
            <ar3>0</ar3>
            <ar4>0</ar4>
            <ar5>0</ar5>
            <ar6>0</ar6>
            <ar7>0</ar7>
            <ar8>0</ar8>
            <ar9>0</ar9>
            <ar10>0</ar10>
        </amplitude_rms>
        <phase_rms>
            <pr0>0</pr0>
            <pr1>0</pr1>
            <pr2>0</pr2>
            <pr3>0</pr3>
            <pr4>0</pr4>
            <pr5>0</pr5>
            <pr6>0</pr6>
            <pr7>0</pr7>
            <pr8>0</pr8>
            <pr9>0</pr9>
            <pr10>0</pr10>
        </phase_rms>
        <additional1></additional1>
        <additional2></additional2>
    </D2022-03-15_T10-05-51>
    <D2022-03-15_T10-06-21>
        <datetime>2022-03-15T10:06:21</datetime>
        <serialnumber>n985</serialnumber>
        <TS>36381</TS>
        <frequency>
            <f0>976.563</f0>
            <f1>1953.13</f1>
            <f2>3906.25</f2>
            <f3>7812.5</f3>
            <f4>15625</f4>
            <f5>31250</f5>
            <f6>62500</f6>
            <f7>125000</f7>
            <f8>250000</f8>
            <f9>500000</f9>
            <f10>1e+06</f10>
        </frequency>
        <amplitude>
            <a0>98.1645</a0>
            <a1>97.7225</a1>
            <a2>97.824</a2>
            <a3>97.164</a3>
            <a4>94.9796</a4>
            <a5>92.1779</a5>
            <a6>89.5808</a6>
            <a7>87.6674</a7>
            <a8>83.4108</a8>
            <a9>76.6797</a9>
            <a10>64.0609</a10>
        </amplitude>
        <phase>
            <p0>9.09028</p0>
            <p1>7.2942</p1>
            <p2>7.74471</p2>
            <p3>8.25944</p3>
            <p4>8.92399</p4>
            <p5>10.1755</p5>
            <p6>11.9908</p6>
            <p7>15.3885</p7>
            <p8>20.1196</p8>
            <p9>28.3792</p9>
            <p10>30.2897</p10>
        </phase>
        <amplitude_rms>
            <ar0>0</ar0>
            <ar1>0</ar1>
            <ar2>0</ar2>
            <ar3>0</ar3>
            <ar4>0</ar4>
            <ar5>0</ar5>
            <ar6>0</ar6>
            <ar7>0</ar7>
            <ar8>0</ar8>
            <ar9>0</ar9>
            <ar10>0</ar10>
        </amplitude_rms>
        <phase_rms>
            <pr0>0</pr0>
            <pr1>0</pr1>
            <pr2>0</pr2>
            <pr3>0</pr3>
            <pr4>0</pr4>
            <pr5>0</pr5>
            <pr6>0</pr6>
            <pr7>0</pr7>
            <pr8>0</pr8>
            <pr9>0</pr9>
            <pr10>0</pr10>
        </phase_rms>
        <additional1></additional1>
        <additional2></additional2>
    </D2022-03-15_T10-06-21>
    <D2022-03-15_T10-06-43>
        <datetime>2022-03-15T10:06:43</datetime>
        <serialnumber>n985</serialnumber>
        <TS>36403</TS>
        <frequency>
            <f0>976.563</f0>
            <f1>1953.13</f1>
            <f2>3906.25</f2>
            <f3>7812.5</f3>
            <f4>15625</f4>
            <f5>31250</f5>
            <f6>62500</f6>
            <f7>125000</f7>
            <f8>250000</f8>
            <f9>500000</f9>
            <f10>1e+06</f10>
        </frequency>
        <amplitude>
            <a0>110.911</a0>
            <a1>105.179</a1>
            <a2>105.704</a2>
            <a3>104.327</a3>
            <a4>102.656</a4>
            <a5>102.96</a5>
            <a6>104.2</a6>
            <a7>99.6027</a7>
            <a8>92.1616</a8>
            <a9>87.6399</a9>
            <a10>22.9134</a10>
        </amplitude>
        <phase>
            <p0>9.65989</p0>
            <p1>8.90674</p1>
            <p2>10.568</p2>
            <p3>11.1429</p3>
            <p4>10.8855</p4>
            <p5>11.7331</p5>
            <p6>14.6568</p6>
            <p7>16.742</p7>
            <p8>22.249</p8>
            <p9>30.8768</p9>
            <p10>78.9436</p10>
        </phase>
        <amplitude_rms>
            <ar0>0</ar0>
            <ar1>0</ar1>
            <ar2>0</ar2>
            <ar3>0</ar3>
            <ar4>0</ar4>
            <ar5>0</ar5>
            <ar6>0</ar6>
            <ar7>0</ar7>
            <ar8>0</ar8>
            <ar9>0</ar9>
            <ar10>0</ar10>
        </amplitude_rms>
        <phase_rms>
            <pr0>0</pr0>
            <pr1>0</pr1>
            <pr2>0</pr2>
            <pr3>0</pr3>
            <pr4>0</pr4>
            <pr5>0</pr5>
            <pr6>0</pr6>
            <pr7>0</pr7>
            <pr8>0</pr8>
            <pr9>0</pr9>
            <pr10>0</pr10>
        </phase_rms>
        <additional1></additional1>
        <additional2></additional2>
    </D2022-03-15_T10-06-43>
    <D2022-03-15_T10-07-15>
        <datetime>2022-03-15T10:07:15</datetime>
        <serialnumber>n985</serialnumber>
        <TS>36435</TS>
        <frequency>
            <f0>976.563</f0>
            <f1>1953.13</f1>
            <f2>3906.25</f2>
            <f3>7812.5</f3>
            <f4>15625</f4>
            <f5>31250</f5>
            <f6>62500</f6>
            <f7>125000</f7>
            <f8>250000</f8>
            <f9>500000</f9>
            <f10>1e+06</f10>
        </frequency>
        <amplitude>
            <a0>108.619</a0>
            <a1>106.833</a1>
            <a2>104.666</a2>
            <a3>104.038</a3>
            <a4>101.285</a4>
            <a5>98.4093</a5>
            <a6>96.1093</a6>
            <a7>93.6791</a7>
            <a8>89.4229</a8>
            <a9>84.4532</a9>
            <a10>40.1858</a10>
        </amplitude>
        <phase>
            <p0>9.86581</p0>
            <p1>9.18884</p1>
            <p2>9.81126</p2>
            <p3>10.3048</p3>
            <p4>11.482</p4>
            <p5>12.284</p5>
            <p6>14.4847</p6>
            <p7>17.835</p7>
            <p8>21.8937</p8>
            <p9>30.3322</p9>
            <p10>66.8982</p10>
        </phase>
        <amplitude_rms>
            <ar0>0</ar0>
            <ar1>0</ar1>
            <ar2>0</ar2>
            <ar3>0</ar3>
            <ar4>0</ar4>
            <ar5>0</ar5>
            <ar6>0</ar6>
            <ar7>0</ar7>
            <ar8>0</ar8>
            <ar9>0</ar9>
            <ar10>0</ar10>
        </amplitude_rms>
        <phase_rms>
            <pr0>0</pr0>
            <pr1>0</pr1>
            <pr2>0</pr2>
            <pr3>0</pr3>
            <pr4>0</pr4>
            <pr5>0</pr5>
            <pr6>0</pr6>
            <pr7>0</pr7>
            <pr8>0</pr8>
            <pr9>0</pr9>
            <pr10>0</pr10>
        </phase_rms>
        <additional1></additional1>
        <additional2></additional2>
    </D2022-03-15_T10-07-15>
    <D2022-03-15_T10-07-45>
        <datetime>2022-03-15T10:07:45</datetime>
        <serialnumber>n985</serialnumber>
        <TS>36465</TS>
        <frequency>
            <f0>976.563</f0>
            <f1>1953.13</f1>
            <f2>3906.25</f2>
            <f3>7812.5</f3>
            <f4>15625</f4>
            <f5>31250</f5>
            <f6>62500</f6>
            <f7>125000</f7>
            <f8>250000</f8>
            <f9>500000</f9>
            <f10>1e+06</f10>
        </frequency>
        <amplitude>
            <a0>120.904</a0>
            <a1>117.922</a1>
            <a2>116.525</a2>
            <a3>111.325</a3>
            <a4>116.238</a4>
            <a5>112.492</a5>
            <a6>105.473</a6>
            <a7>102.386</a7>
            <a8>103.997</a8>
            <a9>94.9891</a9>
            <a10>17.8485</a10>
        </amplitude>
        <phase>
            <p0>11.0937</p0>
            <p1>9.46232</p1>
            <p2>9.9638</p2>
            <p3>10.8403</p3>
            <p4>14.6852</p4>
            <p5>15.1858</p5>
            <p6>17.1027</p6>
            <p7>21.3179</p7>
            <p8>30.9638</p8>
            <p9>42.022</p9>
            <p10>-100.008</p10>
        </phase>
        <amplitude_rms>
            <ar0>0</ar0>
            <ar1>0</ar1>
            <ar2>0</ar2>
            <ar3>0</ar3>
            <ar4>0</ar4>
            <ar5>0</ar5>
            <ar6>0</ar6>
            <ar7>0</ar7>
            <ar8>0</ar8>
            <ar9>0</ar9>
            <ar10>0</ar10>
        </amplitude_rms>
        <phase_rms>
            <pr0>0</pr0>
            <pr1>0</pr1>
            <pr2>0</pr2>
            <pr3>0</pr3>
            <pr4>0</pr4>
            <pr5>0</pr5>
            <pr6>0</pr6>
            <pr7>0</pr7>
            <pr8>0</pr8>
            <pr9>0</pr9>
            <pr10>0</pr10>
        </phase_rms>
        <additional1></additional1>
        <additional2></additional2>
    </D2022-03-15_T10-07-45>
    <D2022-03-15_T10-08-02>
        <datetime>2022-03-15T10:08:02</datetime>
        <serialnumber>n985</serialnumber>
        <TS>36482</TS>
        <frequency>
            <f0>976.563</f0>
            <f1>1953.13</f1>
            <f2>3906.25</f2>
            <f3>7812.5</f3>
            <f4>15625</f4>
            <f5>31250</f5>
            <f6>62500</f6>
            <f7>125000</f7>
            <f8>250000</f8>
            <f9>500000</f9>
            <f10>1e+06</f10>
        </frequency>
        <amplitude>
            <a0>111.573</a0>
            <a1>108.367</a1>
            <a2>106.962</a2>
            <a3>104.425</a3>
            <a4>104.971</a4>
            <a5>103.314</a5>
            <a6>98.6277</a6>
            <a7>95.3497</a7>
            <a8>94.0684</a8>
            <a9>88.093</a9>
            <a10>42.6265</a10>
        </amplitude>
        <phase>
            <p0>10.3495</p0>
            <p1>9.01878</p1>
            <p2>9.56308</p2>
            <p3>10.2262</p3>
            <p4>12.3466</p4>
            <p5>13.2942</p5>
            <p6>15.3934</p6>
            <p7>19.0809</p7>
            <p8>25.4509</p8>
            <p9>35.2725</p9>
            <p10>-33.7684</p10>
        </phase>
        <amplitude_rms>
            <ar0>8.363</ar0>
            <ar1>8.818</ar1>
            <ar2>8.94</ar2>
            <ar3>6.608</ar3>
            <ar4>10.73</ar4>
            <ar5>8.883</ar5>
            <ar6>6.941</ar6>
            <ar7>7.38</ar7>
            <ar8>10.56</ar8>
            <ar9>7.828</ar9>
            <ar10>58.13</ar10>
        </amplitude_rms>
        <phase_rms>
            <pr0>0.7443</pr0>
            <pr1>0.4435</pr1>
            <pr2>0.4007</pr2>
            <pr3>0.6141</pr3>
            <pr4>2.339</pr4>
            <pr5>1.892</pr5>
            <pr6>1.709</pr6>
            <pr7>2.237</pr7>
            <pr8>5.513</pr8>
            <pr9>6.749</pr9>
            <pr10>66.24</pr10>
        </phase_rms>
        <additional1></additional1>
        <additional2></additional2>
    </D2022-03-15_T10-08-02>
    <D2022-03-15_T10-08-11>
        <datetime>2022-03-15T10:08:11</datetime>
        <serialnumber>n985</serialnumber>
        <TS>36491</TS>
        <frequency>
            <f0>976.563</f0>
            <f1>1953.13</f1>
            <f2>3906.25</f2>
            <f3>7812.5</f3>
            <f4>15625</f4>
            <f5>31250</f5>
            <f6>62500</f6>
            <f7>125000</f7>
            <f8>250000</f8>
            <f9>500000</f9>
            <f10>1e+06</f10>
        </frequency>
        <amplitude>
            <a0>98.1645</a0>
            <a1>97.0556</a1>
            <a2>96.3967</a2>
            <a3>95.5193</a3>
            <a4>94.2136</a4>
            <a5>91.2798</a5>
            <a6>89.9158</a6>
            <a7>85.2187</a7>
            <a8>82.4172</a8>
            <a9>76.3142</a9>
            <a10>64.1547</a10>
        </amplitude>
        <phase>
            <p0>9.09028</p0>
            <p1>7.8064</p1>
            <p2>8.32565</p2>
            <p3>7.93276</p3>
            <p4>8.99714</p4>
            <p5>9.78241</p5>
            <p6>12.9576</p6>
            <p7>15.3008</p7>
            <p8>19.7989</p8>
            <p9>27.867</p9>
            <p10>29.9739</p10>
        </phase>
        <amplitude_rms>
            <ar0>0</ar0>
            <ar1>0</ar1>
            <ar2>0</ar2>
            <ar3>0</ar3>
            <ar4>0</ar4>
            <ar5>0</ar5>
            <ar6>0</ar6>
            <ar7>0</ar7>
            <ar8>0</ar8>
            <ar9>0</ar9>
            <ar10>0</ar10>
        </amplitude_rms>
        <phase_rms>
            <pr0>0</pr0>
            <pr1>0</pr1>
            <pr2>0</pr2>
            <pr3>0</pr3>
            <pr4>0</pr4>
            <pr5>0</pr5>
            <pr6>0</pr6>
            <pr7>0</pr7>
            <pr8>0</pr8>
            <pr9>0</pr9>
            <pr10>0</pr10>
        </phase_rms>
        <additional1></additional1>
        <additional2></additional2>
    </D2022-03-15_T10-08-11>
    <D2022-03-15_T10-08-31>
        <datetime>2022-03-15T10:08:31</datetime>
        <serialnumber>n985</serialnumber>
        <TS>36511</TS>
        <frequency>
            <f0>976.563</f0>
            <f1>1953.13</f1>
            <f2>3906.25</f2>
            <f3>7812.5</f3>
            <f4>15625</f4>
            <f5>31250</f5>
            <f6>62500</f6>
            <f7>125000</f7>
            <f8>250000</f8>
            <f9>500000</f9>
            <f10>1e+06</f10>
        </frequency>
        <amplitude>
            <a0>113.971</a0>
            <a1>114.612</a1>
            <a2>113.206</a2>
            <a3>109.657</a3>
            <a4>109.512</a4>
            <a5>112.162</a5>
            <a6>109.912</a6>
            <a7>110.662</a7>
            <a8>103.902</a8>
            <a9>91.6775</a9>
            <a10>52.5277</a10>
        </amplitude>
        <phase>
            <p0>9.39823</p0>
            <p1>8.95247</p1>
            <p2>9.46232</p2>
            <p3>10.5948</p3>
            <p4>12.2648</p4>
            <p5>16.0542</p5>
            <p6>20.2249</p6>
            <p7>28.0016</p7>
            <p8>32.504</p8>
            <p9>35.7067</p9>
            <p10>53.8068</p10>
        </phase>
        <amplitude_rms>
            <ar0>0</ar0>
            <ar1>0</ar1>
            <ar2>0</ar2>
            <ar3>0</ar3>
            <ar4>0</ar4>
            <ar5>0</ar5>
            <ar6>0</ar6>
            <ar7>0</ar7>
            <ar8>0</ar8>
            <ar9>0</ar9>
            <ar10>0</ar10>
        </amplitude_rms>
        <phase_rms>
            <pr0>0</pr0>
            <pr1>0</pr1>
            <pr2>0</pr2>
            <pr3>0</pr3>
            <pr4>0</pr4>
            <pr5>0</pr5>
            <pr6>0</pr6>
            <pr7>0</pr7>
            <pr8>0</pr8>
            <pr9>0</pr9>
            <pr10>0</pr10>
        </phase_rms>
        <additional1></additional1>
        <additional2></additional2>
    </D2022-03-15_T10-08-31>
    <D2022-03-15_T10-10-08>
        <datetime>2022-03-15T10:10:08</datetime>
        <serialnumber>n985</serialnumber>
        <TS>36608</TS>
        <frequency>
            <f0>976.563</f0>
            <f1>1953.13</f1>
            <f2>3906.25</f2>
            <f3>7812.5</f3>
            <f4>15625</f4>
            <f5>31250</f5>
            <f6>62500</f6>
            <f7>125000</f7>
            <f8>250000</f8>
            <f9>500000</f9>
            <f10>1e+06</f10>
        </frequency>
        <amplitude>
            <a0>96.7609</a0>
            <a1>96.3967</a1>
            <a2>96.3967</a2>
            <a3>94.0954</a3>
            <a4>92.562</a4>
            <a5>91.2798</a5>
            <a6>88.9881</a6>
            <a7>85.2187</a7>
            <a8>81.688</a8>
            <a9>76.3142</a9>
            <a10>60.9218</a10>
        </amplitude>
        <phase>
            <p0>9.68879</p0>
            <p1>8.32565</p1>
            <p2>8.32565</p2>
            <p3>8.53077</p3>
            <p4>8.67317</p4>
            <p5>9.78241</p5>
            <p6>12.583</p6>
            <p7>15.3008</p7>
            <p8>19.9831</p8>
            <p9>27.867</p9>
            <p10>26.9999</p10>
        </phase>
        <amplitude_rms>
            <ar0>0</ar0>
            <ar1>0</ar1>
            <ar2>0</ar2>
            <ar3>0</ar3>
            <ar4>0</ar4>
            <ar5>0</ar5>
            <ar6>0</ar6>
            <ar7>0</ar7>
            <ar8>0</ar8>
            <ar9>0</ar9>
            <ar10>0</ar10>
        </amplitude_rms>
        <phase_rms>
            <pr0>0</pr0>
            <pr1>0</pr1>
            <pr2>0</pr2>
            <pr3>0</pr3>
            <pr4>0</pr4>
            <pr5>0</pr5>
            <pr6>0</pr6>
            <pr7>0</pr7>
            <pr8>0</pr8>
            <pr9>0</pr9>
            <pr10>0</pr10>
        </phase_rms>
        <additional1></additional1>
        <additional2></additional2>
    </D2022-03-15_T10-10-08>
    <D2022-03-15_T10-11-48>
        <datetime>2022-03-15T10:11:48</datetime>
        <serialnumber>n985</serialnumber>
        <TS>36708</TS>
        <frequency>
            <f0>976.563</f0>
            <f1>1953.13</f1>
            <f2>3906.25</f2>
            <f3>7812.5</f3>
            <f4>15625</f4>
            <f5>31250</f5>
            <f6>62500</f6>
            <f7>125000</f7>
            <f8>250000</f8>
            <f9>500000</f9>
            <f10>1e+06</f10>
        </frequency>
        <amplitude>
            <a0>112.387</a0>
            <a1>111.808</a1>
            <a2>104.413</a2>
            <a3>98.4215</a3>
            <a4>93.7048</a4>
            <a5>88.2246</a5>
            <a6>86.5491</a6>
            <a7>82.5703</a7>
            <a8>78.719</a8>
            <a9>75.2669</a9>
            <a10>56.9898</a10>
        </amplitude>
        <phase>
            <p0>11.5425</p0>
            <p1>9.98496</p1>
            <p2>8.97263</p2>
            <p3>9.98183</p3>
            <p4>10.008</p4>
            <p5>10.1247</p5>
            <p6>12.4174</p6>
            <p7>14.6888</p7>
            <p8>18.9704</p8>
            <p9>27.6211</p9>
            <p10>26.6813</p10>
        </phase>
        <amplitude_rms>
            <ar0>0</ar0>
            <ar1>0</ar1>
            <ar2>0</ar2>
            <ar3>0</ar3>
            <ar4>0</ar4>
            <ar5>0</ar5>
            <ar6>0</ar6>
            <ar7>0</ar7>
            <ar8>0</ar8>
            <ar9>0</ar9>
            <ar10>0</ar10>
        </amplitude_rms>
        <phase_rms>
            <pr0>0</pr0>
            <pr1>0</pr1>
            <pr2>0</pr2>
            <pr3>0</pr3>
            <pr4>0</pr4>
            <pr5>0</pr5>
            <pr6>0</pr6>
            <pr7>0</pr7>
            <pr8>0</pr8>
            <pr9>0</pr9>
            <pr10>0</pr10>
        </phase_rms>
        <additional1></additional1>
        <additional2></additional2>
    </D2022-03-15_T10-11-48>
    <D2022-03-15_T10-12-32>
        <datetime>2022-03-15T10:12:32</datetime>
        <serialnumber>n985</serialnumber>
        <TS>36752</TS>
        <frequency>
            <f0>976.563</f0>
            <f1>1953.13</f1>
            <f2>3906.25</f2>
            <f3>7812.5</f3>
            <f4>15625</f4>
            <f5>31250</f5>
            <f6>62500</f6>
            <f7>125000</f7>
            <f8>250000</f8>
            <f9>500000</f9>
            <f10>1e+06</f10>
        </frequency>
        <amplitude>
            <a0>102.98</a0>
            <a1>102.409</a1>
            <a2>98.8708</a2>
            <a3>95.169</a3>
            <a4>92.428</a4>
            <a5>88.2944</a5>
            <a6>87.0996</a6>
            <a7>83.7337</a7>
            <a8>79.6122</a8>
            <a9>75.6326</a9>
            <a10>60.0747</a10>
        </amplitude>
        <phase>
            <p0>10.5415</p0>
            <p1>8.58461</p1>
            <p2>8.78701</p2>
            <p3>9.60288</p3>
            <p4>9.65502</p4>
            <p5>10.3722</p5>
            <p6>12.858</p6>
            <p7>15.5687</p7>
            <p8>19.9247</p8>
            <p9>28.1391</p9>
            <p10>30.2507</p10>
        </phase>
        <amplitude_rms>
            <ar0>9.135</ar0>
            <ar1>9.178</ar1>
            <ar2>5.605</ar2>
            <ar3>3.418</ar3>
            <ar4>1.381</ar4>
            <ar5>0.07906</ar5>
            <ar6>0.6321</ar6>
            <ar7>1.389</ar7>
            <ar8>1.122</ar8>
            <ar9>0.4836</ar9>
            <ar10>5.135</ar10>
        </amplitude_rms>
        <phase_rms>
            <pr0>1.001</pr0>
            <pr1>1.4</pr1>
            <pr2>0.1856</pr2>
            <pr3>0.379</pr3>
            <pr4>0.353</pr4>
            <pr5>0.2475</pr5>
            <pr6>0.4406</pr6>
            <pr7>0.8799</pr7>
            <pr8>0.9543</pr8>
            <pr9>0.518</pr9>
            <pr10>3.569</pr10>
        </phase_rms>
        <additional1></additional1>
        <additional2></additional2>
    </D2022-03-15_T10-12-32>
    <D2022-03-15_T10-13-01>
        <datetime>2022-03-15T10:13:01</datetime>
        <serialnumber>n985</serialnumber>
        <TS>36781</TS>
        <frequency>
            <f0>976.563</f0>
            <f1>1953.13</f1>
            <f2>3906.25</f2>
            <f3>7812.5</f3>
            <f4>15625</f4>
            <f5>31250</f5>
            <f6>62500</f6>
            <f7>125000</f7>
            <f8>250000</f8>
            <f9>500000</f9>
            <f10>1e+06</f10>
        </frequency>
        <amplitude>
            <a0>94.4685</a0>
            <a1>93.7786</a1>
            <a2>93.9835</a2>
            <a3>91.7954</a3>
            <a4>91.2798</a4>
            <a5>88.2246</a5>
            <a6>86.5491</a6>
            <a7>83.5189</a7>
            <a8>79.7059</a8>
            <a9>72.0286</a9>
            <a10>56.4136</a10>
        </amplitude>
        <phase>
            <p0>9.92625</p0>
            <p1>7.12502</p1>
            <p2>8.06325</p2>
            <p3>8.74616</p3>
            <p4>9.78241</p4>
            <p5>10.1247</p5>
            <p6>12.4174</p6>
            <p7>15.0685</p7>
            <p8>19.3164</p8>
            <p9>27.5766</p9>
            <p10>26.0954</p10>
        </phase>
        <amplitude_rms>
            <ar0>0</ar0>
            <ar1>0</ar1>
            <ar2>0</ar2>
            <ar3>0</ar3>
            <ar4>0</ar4>
            <ar5>0</ar5>
            <ar6>0</ar6>
            <ar7>0</ar7>
            <ar8>0</ar8>
            <ar9>0</ar9>
            <ar10>0</ar10>
        </amplitude_rms>
        <phase_rms>
            <pr0>0</pr0>
            <pr1>0</pr1>
            <pr2>0</pr2>
            <pr3>0</pr3>
            <pr4>0</pr4>
            <pr5>0</pr5>
            <pr6>0</pr6>
            <pr7>0</pr7>
            <pr8>0</pr8>
            <pr9>0</pr9>
            <pr10>0</pr10>
        </phase_rms>
        <additional1></additional1>
        <additional2></additional2>
    </D2022-03-15_T10-13-01>
    <D2022-03-15_T10-13-32>
        <datetime>2022-03-15T10:13:32</datetime>
        <serialnumber>n985</serialnumber>
        <TS>36812</TS>
        <frequency>
            <f0>976.563</f0>
            <f1>1953.13</f1>
            <f2>3906.25</f2>
            <f3>7812.5</f3>
            <f4>15625</f4>
            <f5>31250</f5>
            <f6>62500</f6>
            <f7>125000</f7>
            <f8>250000</f8>
            <f9>500000</f9>
            <f10>1e+06</f10>
        </frequency>
        <amplitude>
            <a0>109.383</a0>
            <a1>104.295</a1>
            <a2>101.611</a2>
            <a3>97.1795</a3>
            <a4>92.044</a4>
            <a5>87.6022</a5>
            <a6>85.7919</a6>
            <a7>82.7703</a7>
            <a8>78.719</a8>
            <a9>75.8963</a9>
            <a10>63.7467</a10>
        </amplitude>
        <phase>
            <p0>9.79621</p0>
            <p1>8.55183</p1>
            <p2>10.1093</p2>
            <p3>11.0409</p3>
            <p4>9.70039</p4>
            <p5>10.7131</p5>
            <p6>12.5288</p6>
            <p7>15.208</p7>
            <p8>18.9704</p8>
            <p9>28.9219</p9>
            <p10>30.7247</p10>
        </phase>
        <amplitude_rms>
            <ar0>0</ar0>
            <ar1>0</ar1>
            <ar2>0</ar2>
            <ar3>0</ar3>
            <ar4>0</ar4>
            <ar5>0</ar5>
            <ar6>0</ar6>
            <ar7>0</ar7>
            <ar8>0</ar8>
            <ar9>0</ar9>
            <ar10>0</ar10>
        </amplitude_rms>
        <phase_rms>
            <pr0>0</pr0>
            <pr1>0</pr1>
            <pr2>0</pr2>
            <pr3>0</pr3>
            <pr4>0</pr4>
            <pr5>0</pr5>
            <pr6>0</pr6>
            <pr7>0</pr7>
            <pr8>0</pr8>
            <pr9>0</pr9>
            <pr10>0</pr10>
        </phase_rms>
        <additional1></additional1>
        <additional2></additional2>
    </D2022-03-15_T10-13-32>
    <D2022-03-15_T10-14-46>
        <datetime>2022-03-15T10:14:46</datetime>
        <serialnumber>n985</serialnumber>
        <TS>36886</TS>
        <frequency>
            <f0>976.563</f0>
            <f1>1953.13</f1>
            <f2>3906.25</f2>
            <f3>7812.5</f3>
            <f4>15625</f4>
            <f5>31250</f5>
            <f6>62500</f6>
            <f7>125000</f7>
            <f8>250000</f8>
            <f9>500000</f9>
            <f10>1e+06</f10>
        </frequency>
        <amplitude>
            <a0>102.375</a0>
            <a1>96.2874</a1>
            <a2>95.1029</a2>
            <a3>95.1029</a3>
            <a4>92.318</a4>
            <a5>88.5104</a5>
            <a6>85.9635</a6>
            <a7>88.3132</a7>
            <a8>86.2568</a8>
            <a9>79.1608</a9>
            <a10>23.8311</a10>
        </amplitude>
        <phase>
            <p0>10.0331</p0>
            <p1>7.86908</p1>
            <p2>9.38552</p2>
            <p3>9.38552</p3>
            <p4>10.6492</p4>
            <p5>11.113</p5>
            <p6>13.0334</p6>
            <p7>16.8438</p7>
            <p8>22.184</p8>
            <p9>29.3272</p9>
            <p10>40.6013</p10>
        </phase>
        <amplitude_rms>
            <ar0>0</ar0>
            <ar1>0</ar1>
            <ar2>0</ar2>
            <ar3>0</ar3>
            <ar4>0</ar4>
            <ar5>0</ar5>
            <ar6>0</ar6>
            <ar7>0</ar7>
            <ar8>0</ar8>
            <ar9>0</ar9>
            <ar10>0</ar10>
        </amplitude_rms>
        <phase_rms>
            <pr0>0</pr0>
            <pr1>0</pr1>
            <pr2>0</pr2>
            <pr3>0</pr3>
            <pr4>0</pr4>
            <pr5>0</pr5>
            <pr6>0</pr6>
            <pr7>0</pr7>
            <pr8>0</pr8>
            <pr9>0</pr9>
            <pr10>0</pr10>
        </phase_rms>
        <additional1></additional1>
        <additional2></additional2>
    </D2022-03-15_T10-14-46>
    <D2022-03-15_T10-15-16>
        <datetime>2022-03-15T10:15:16</datetime>
        <serialnumber>n985</serialnumber>
        <TS>36916</TS>
        <frequency>
            <f0>976.563</f0>
            <f1>1953.13</f1>
            <f2>3906.25</f2>
            <f3>7812.5</f3>
            <f4>15625</f4>
            <f5>31250</f5>
            <f6>62500</f6>
            <f7>125000</f7>
            <f8>250000</f8>
            <f9>500000</f9>
            <f10>1e+06</f10>
        </frequency>
        <amplitude>
            <a0>117.463</a0>
            <a1>115.854</a1>
            <a2>120.158</a2>
            <a3>114.087</a3>
            <a4>112.801</a4>
            <a5>108.392</a5>
            <a6>107.43</a6>
            <a7>102.688</a7>
            <a8>96.9565</a8>
            <a9>83.5189</a9>
            <a10>61.3349</a10>
        </amplitude>
        <phase>
            <p0>18.0761</p0>
            <p1>13.9432</p1>
            <p2>18.4349</p2>
            <p3>16.5873</p3>
            <p4>18.4349</p4>
            <p5>17.9164</p5>
            <p6>22.4926</p6>
            <p7>25.0169</p7>
            <p8>30.2564</p8>
            <p9>31.3287</p9>
            <p10>29.2657</p10>
        </phase>
        <amplitude_rms>
            <ar0>0</ar0>
            <ar1>0</ar1>
            <ar2>0</ar2>
            <ar3>0</ar3>
            <ar4>0</ar4>
            <ar5>0</ar5>
            <ar6>0</ar6>
            <ar7>0</ar7>
            <ar8>0</ar8>
            <ar9>0</ar9>
            <ar10>0</ar10>
        </amplitude_rms>
        <phase_rms>
            <pr0>0</pr0>
            <pr1>0</pr1>
            <pr2>0</pr2>
            <pr3>0</pr3>
            <pr4>0</pr4>
            <pr5>0</pr5>
            <pr6>0</pr6>
            <pr7>0</pr7>
            <pr8>0</pr8>
            <pr9>0</pr9>
            <pr10>0</pr10>
        </phase_rms>
        <additional1></additional1>
        <additional2></additional2>
    </D2022-03-15_T10-15-16>
    <D2022-03-15_T10-16-29>
        <datetime>2022-03-15T10:16:29</datetime>
        <serialnumber>n985</serialnumber>
        <TS>36989</TS>
        <frequency>
            <f0>976.563</f0>
            <f1>1953.13</f1>
            <f2>3906.25</f2>
            <f3>7812.5</f3>
            <f4>15625</f4>
            <f5>31250</f5>
            <f6>62500</f6>
            <f7>125000</f7>
            <f8>250000</f8>
            <f9>500000</f9>
            <f10>1e+06</f10>
        </frequency>
        <amplitude>
            <a0>91.4147</a0>
            <a1>93.3286</a1>
            <a2>91.7954</a2>
            <a3>90.2629</a3>
            <a4>88.8562</a4>
            <a5>86.5629</a5>
            <a6>83.9497</a6>
            <a7>80.8742</a7>
            <a8>77.9861</a8>
            <a9>70.8728</a9>
            <a10>53.3312</a10>
        </amplitude>
        <phase>
            <p0>10.2614</p0>
            <p1>8.60138</p1>
            <p2>8.74616</p2>
            <p3>8.89586</p3>
            <p4>9.54453</p4>
            <p5>9.79985</p5>
            <p6>11.7251</p6>
            <p7>14.436</p7>
            <p8>19.1556</p8>
            <p9>27.5931</p9>
            <p10>24.329</p10>
        </phase>
        <amplitude_rms>
            <ar0>0</ar0>
            <ar1>0</ar1>
            <ar2>0</ar2>
            <ar3>0</ar3>
            <ar4>0</ar4>
            <ar5>0</ar5>
            <ar6>0</ar6>
            <ar7>0</ar7>
            <ar8>0</ar8>
            <ar9>0</ar9>
            <ar10>0</ar10>
        </amplitude_rms>
        <phase_rms>
            <pr0>0</pr0>
            <pr1>0</pr1>
            <pr2>0</pr2>
            <pr3>0</pr3>
            <pr4>0</pr4>
            <pr5>0</pr5>
            <pr6>0</pr6>
            <pr7>0</pr7>
            <pr8>0</pr8>
            <pr9>0</pr9>
            <pr10>0</pr10>
        </phase_rms>
        <additional1></additional1>
        <additional2></additional2>
    </D2022-03-15_T10-16-29>
    <D2022-03-15_T10-17-19>
        <datetime>2022-03-15T10:17:19</datetime>
        <serialnumber>n985</serialnumber>
        <TS>37039</TS>
        <frequency>
            <f0>976.563</f0>
            <f1>1953.13</f1>
            <f2>3906.25</f2>
            <f3>7812.5</f3>
            <f4>15625</f4>
            <f5>31250</f5>
            <f6>62500</f6>
            <f7>125000</f7>
            <f8>250000</f8>
            <f9>500000</f9>
            <f10>1e+06</f10>
        </frequency>
        <amplitude>
            <a0>81.3635</a0>
            <a1>81.7175</a1>
            <a2>83.2484</a2>
            <a3>82.7449</a3>
            <a4>78.9326</a4>
            <a5>81.0822</a5>
            <a6>84.0714</a6>
            <a7>81.1859</a7>
            <a8>77.3318</a8>
            <a9>4.51424</a9>
            <a10>18.4178</a10>
        </amplitude>
        <phase>
            <p0>10.9887</p0>
            <p1>9.28355</p1>
            <p2>9.11136</p2>
            <p3>10.2568</p3>
            <p4>10.758</p4>
            <p5>12.7071</p5>
            <p6>14.4208</p6>
            <p7>17.2234</p7>
            <p8>21.1613</p8>
            <p9>166.759</p9>
            <p10>-94.8304</p10>
        </phase>
        <amplitude_rms>
            <ar0>0</ar0>
            <ar1>0</ar1>
            <ar2>0</ar2>
            <ar3>0</ar3>
            <ar4>0</ar4>
            <ar5>0</ar5>
            <ar6>0</ar6>
            <ar7>0</ar7>
            <ar8>0</ar8>
            <ar9>0</ar9>
            <ar10>0</ar10>
        </amplitude_rms>
        <phase_rms>
            <pr0>0</pr0>
            <pr1>0</pr1>
            <pr2>0</pr2>
            <pr3>0</pr3>
            <pr4>0</pr4>
            <pr5>0</pr5>
            <pr6>0</pr6>
            <pr7>0</pr7>
            <pr8>0</pr8>
            <pr9>0</pr9>
            <pr10>0</pr10>
        </phase_rms>
        <additional1></additional1>
        <additional2></additional2>
    </D2022-03-15_T10-17-19>
    <D2022-03-15_T10-17-42>
        <datetime>2022-03-15T10:17:42</datetime>
        <serialnumber>n985</serialnumber>
        <TS>37062</TS>
        <frequency>
            <f0>976.563</f0>
            <f1>1953.13</f1>
            <f2>3906.25</f2>
            <f3>7812.5</f3>
            <f4>15625</f4>
            <f5>31250</f5>
            <f6>62500</f6>
            <f7>125000</f7>
            <f8>250000</f8>
            <f9>500000</f9>
            <f10>1e+06</f10>
        </frequency>
        <amplitude>
            <a0>83.7956</a0>
            <a1>84.663</a1>
            <a2>83.017</a2>
            <a3>82.4829</a3>
            <a4>81.7175</a4>
            <a5>79.6946</a5>
            <a6>77.1293</a6>
            <a7>74.6774</a7>
            <a8>71.3628</a8>
            <a9>70.1865</a9>
            <a10>49.8453</a10>
        </amplitude>
        <phase>
            <p0>11.2059</p0>
            <p1>8.42697</p1>
            <p2>8.05441</p2>
            <p3>9.19666</p3>
            <p4>9.28355</p4>
            <p5>10.6539</p5>
            <p6>12.7787</p6>
            <p7>15.0464</p7>
            <p8>19.0256</p8>
            <p9>27.8863</p9>
            <p10>24.8374</p10>
        </phase>
        <amplitude_rms>
            <ar0>0</ar0>
            <ar1>0</ar1>
            <ar2>0</ar2>
            <ar3>0</ar3>
            <ar4>0</ar4>
            <ar5>0</ar5>
            <ar6>0</ar6>
            <ar7>0</ar7>
            <ar8>0</ar8>
            <ar9>0</ar9>
            <ar10>0</ar10>
        </amplitude_rms>
        <phase_rms>
            <pr0>0</pr0>
            <pr1>0</pr1>
            <pr2>0</pr2>
            <pr3>0</pr3>
            <pr4>0</pr4>
            <pr5>0</pr5>
            <pr6>0</pr6>
            <pr7>0</pr7>
            <pr8>0</pr8>
            <pr9>0</pr9>
            <pr10>0</pr10>
        </phase_rms>
        <additional1></additional1>
        <additional2></additional2>
    </D2022-03-15_T10-17-42>
    <D2022-03-15_T10-18-01>
        <datetime>2022-03-15T10:18:01</datetime>
        <serialnumber>n985</serialnumber>
        <TS>37081</TS>
        <frequency>
            <f0>976.563</f0>
            <f1>1953.13</f1>
            <f2>3906.25</f2>
            <f3>7812.5</f3>
            <f4>15625</f4>
            <f5>31250</f5>
            <f6>62500</f6>
            <f7>125000</f7>
            <f8>250000</f8>
            <f9>500000</f9>
            <f10>1e+06</f10>
        </frequency>
        <amplitude>
            <a0>85.0351</a0>
            <a1>84.663</a1>
            <a2>85.4302</a2>
            <a3>84.0142</a3>
            <a4>81.596</a4>
            <a5>80.3184</a5>
            <a6>78.478</a6>
            <a7>75.4265</a7>
            <a8>72.0963</a8>
            <a9>65.9008</a9>
            <a10>50.08</a10>
        </amplitude>
        <phase>
            <p0>9.97771</p0>
            <p1>8.42697</p1>
            <p2>8.35075</p2>
            <p3>9.02761</p3>
            <p4>8.74616</p4>
            <p5>10.008</p5>
            <p6>11.9761</p6>
            <p7>14.8935</p7>
            <p8>18.8247</p8>
            <p9>27.5701</p9>
            <p10>24.7132</p10>
        </phase>
        <amplitude_rms>
            <ar0>0</ar0>
            <ar1>0</ar1>
            <ar2>0</ar2>
            <ar3>0</ar3>
            <ar4>0</ar4>
            <ar5>0</ar5>
            <ar6>0</ar6>
            <ar7>0</ar7>
            <ar8>0</ar8>
            <ar9>0</ar9>
            <ar10>0</ar10>
        </amplitude_rms>
        <phase_rms>
            <pr0>0</pr0>
            <pr1>0</pr1>
            <pr2>0</pr2>
            <pr3>0</pr3>
            <pr4>0</pr4>
            <pr5>0</pr5>
            <pr6>0</pr6>
            <pr7>0</pr7>
            <pr8>0</pr8>
            <pr9>0</pr9>
            <pr10>0</pr10>
        </phase_rms>
        <additional1></additional1>
        <additional2></additional2>
    </D2022-03-15_T10-18-01>
    <D2022-03-15_T10-18-36>
        <datetime>2022-03-15T10:18:36</datetime>
        <serialnumber>n985</serialnumber>
        <TS>37116</TS>
        <frequency>
            <f0>976.563</f0>
            <f1>1953.13</f1>
            <f2>3906.25</f2>
            <f3>7812.5</f3>
            <f4>15625</f4>
            <f5>31250</f5>
            <f6>62500</f6>
            <f7>125000</f7>
            <f8>250000</f8>
            <f9>500000</f9>
            <f10>1e+06</f10>
        </frequency>
        <amplitude>
            <a0>85.0351</a0>
            <a1>84.5529</a1>
            <a2>84.663</a2>
            <a3>83.1292</a3>
            <a4>82.4829</a4>
            <a5>80.4568</a5>
            <a6>78.6426</a6>
            <a7>75.4265</a7>
            <a8>72.3502</a8>
            <a9>65.7816</a9>
            <a10>49.8661</a10>
        </amplitude>
        <phase>
            <p0>9.97771</p0>
            <p1>7.90716</p1>
            <p2>8.42697</p2>
            <p3>8.58362</p3>
            <p4>9.19666</p4>
            <p5>10.5518</p5>
            <p6>12.5288</p6>
            <p7>14.8935</p7>
            <p8>19.406</p8>
            <p9>27.3706</p9>
            <p10>24.1736</p10>
        </phase>
        <amplitude_rms>
            <ar0>0</ar0>
            <ar1>0</ar1>
            <ar2>0</ar2>
            <ar3>0</ar3>
            <ar4>0</ar4>
            <ar5>0</ar5>
            <ar6>0</ar6>
            <ar7>0</ar7>
            <ar8>0</ar8>
            <ar9>0</ar9>
            <ar10>0</ar10>
        </amplitude_rms>
        <phase_rms>
            <pr0>0</pr0>
            <pr1>0</pr1>
            <pr2>0</pr2>
            <pr3>0</pr3>
            <pr4>0</pr4>
            <pr5>0</pr5>
            <pr6>0</pr6>
            <pr7>0</pr7>
            <pr8>0</pr8>
            <pr9>0</pr9>
            <pr10>0</pr10>
        </phase_rms>
        <additional1></additional1>
        <additional2></additional2>
    </D2022-03-15_T10-18-36>
    <D2022-03-15_T10-19-46>
        <datetime>2022-03-15T10:19:46</datetime>
        <serialnumber>n985</serialnumber>
        <TS>37186</TS>
        <frequency>
            <f0>976.563</f0>
            <f1>1953.13</f1>
            <f2>3906.25</f2>
            <f3>7812.5</f3>
            <f4>15625</f4>
            <f5>31250</f5>
            <f6>62500</f6>
            <f7>125000</f7>
            <f8>250000</f8>
            <f9>500000</f9>
            <f10>1e+06</f10>
        </frequency>
        <amplitude>
            <a0>85.9355</a0>
            <a1>86.1975</a1>
            <a2>85.5462</a2>
            <a3>84.0142</a3>
            <a4>84.1394</a4>
            <a5>81.2192</a5>
            <a6>78.478</a6>
            <a7>76.3772</a7>
            <a8>73.3408</a8>
            <a9>69.0468</a9>
            <a10>55.1445</a10>
        </amplitude>
        <phase>
            <p0>10.3973</p0>
            <p1>8.27589</p1>
            <p2>8.86462</p2>
            <p3>9.02761</p3>
            <p4>9.54913</p4>
            <p5>10.4516</p5>
            <p6>11.9761</p6>
            <p7>15.3061</p7>
            <p8>19.7761</p8>
            <p9>28.3879</p9>
            <p10>25.8444</p10>
        </phase>
        <amplitude_rms>
            <ar0>0</ar0>
            <ar1>0</ar1>
            <ar2>0</ar2>
            <ar3>0</ar3>
            <ar4>0</ar4>
            <ar5>0</ar5>
            <ar6>0</ar6>
            <ar7>0</ar7>
            <ar8>0</ar8>
            <ar9>0</ar9>
            <ar10>0</ar10>
        </amplitude_rms>
        <phase_rms>
            <pr0>0</pr0>
            <pr1>0</pr1>
            <pr2>0</pr2>
            <pr3>0</pr3>
            <pr4>0</pr4>
            <pr5>0</pr5>
            <pr6>0</pr6>
            <pr7>0</pr7>
            <pr8>0</pr8>
            <pr9>0</pr9>
            <pr10>0</pr10>
        </phase_rms>
        <additional1></additional1>
        <additional2></additional2>
    </D2022-03-15_T10-19-46>
    <D2022-03-15_T10-20-13>
        <datetime>2022-03-15T10:20:13</datetime>
        <serialnumber>n985</serialnumber>
        <TS>37213</TS>
        <frequency>
            <f0>976.563</f0>
            <f1>1953.13</f1>
            <f2>3906.25</f2>
            <f3>7812.5</f3>
            <f4>15625</f4>
            <f5>31250</f5>
            <f6>62500</f6>
            <f7>125000</f7>
            <f8>250000</f8>
            <f9>500000</f9>
            <f10>1e+06</f10>
        </frequency>
        <amplitude>
            <a0>88.8562</a0>
            <a1>87.9652</a1>
            <a2>88.2246</a2>
            <a3>84.9042</a3>
            <a4>84.1394</a4>
            <a5>80.3184</a5>
            <a6>78.8144</a6>
            <a7>77.1254</a7>
            <a8>73.3408</a8>
            <a9>69.502</a9>
            <a10>52.1428</a10>
        </amplitude>
        <phase>
            <p0>9.54453</p0>
            <p1>9.13018</p1>
            <p2>10.1247</p2>
            <p3>9.46232</p3>
            <p4>9.54913</p4>
            <p5>10.008</p5>
            <p6>13.0791</p6>
            <p7>15.1541</p7>
            <p8>19.7761</p8>
            <p9>28.1853</p9>
            <p10>25.5488</p10>
        </phase>
        <amplitude_rms>
            <ar0>0</ar0>
            <ar1>0</ar1>
            <ar2>0</ar2>
            <ar3>0</ar3>
            <ar4>0</ar4>
            <ar5>0</ar5>
            <ar6>0</ar6>
            <ar7>0</ar7>
            <ar8>0</ar8>
            <ar9>0</ar9>
            <ar10>0</ar10>
        </amplitude_rms>
        <phase_rms>
            <pr0>0</pr0>
            <pr1>0</pr1>
            <pr2>0</pr2>
            <pr3>0</pr3>
            <pr4>0</pr4>
            <pr5>0</pr5>
            <pr6>0</pr6>
            <pr7>0</pr7>
            <pr8>0</pr8>
            <pr9>0</pr9>
            <pr10>0</pr10>
        </phase_rms>
        <additional1></additional1>
        <additional2></additional2>
    </D2022-03-15_T10-20-13>
    <D2022-03-15_T10-21-46>
        <datetime>2022-03-15T10:21:46</datetime>
        <serialnumber>n985</serialnumber>
        <TS>37306</TS>
        <frequency>
            <f0>976.563</f0>
            <f1>1953.13</f1>
            <f2>3906.25</f2>
            <f3>7812.5</f3>
            <f4>15625</f4>
            <f5>31250</f5>
            <f6>62500</f6>
            <f7>125000</f7>
            <f8>250000</f8>
            <f9>500000</f9>
            <f10>1e+06</f10>
        </frequency>
        <amplitude>
            <a0>103.365</a0>
            <a1>103.007</a1>
            <a2>101.133</a2>
            <a3>96.8944</a3>
            <a4>86.5629</a4>
            <a5>87.8318</a5>
            <a6>89.9125</a6>
            <a7>90.2462</a7>
            <a8>93.8907</a8>
            <a9>5.30366</a9>
            <a10>11.1598</a10>
        </amplitude>
        <phase>
            <p0>27.7185</p0>
            <p1>9.53323</p1>
            <p2>11.0515</p2>
            <p3>10.1408</p3>
            <p4>9.79985</p4>
            <p5>13.7909</p5>
            <p6>14.9951</p6>
            <p7>19.0577</p7>
            <p8>30.8014</p8>
            <p9>136.975</p9>
            <p10>-103.392</p10>
        </phase>
        <amplitude_rms>
            <ar0>0</ar0>
            <ar1>0</ar1>
            <ar2>0</ar2>
            <ar3>0</ar3>
            <ar4>0</ar4>
            <ar5>0</ar5>
            <ar6>0</ar6>
            <ar7>0</ar7>
            <ar8>0</ar8>
            <ar9>0</ar9>
            <ar10>0</ar10>
        </amplitude_rms>
        <phase_rms>
            <pr0>0</pr0>
            <pr1>0</pr1>
            <pr2>0</pr2>
            <pr3>0</pr3>
            <pr4>0</pr4>
            <pr5>0</pr5>
            <pr6>0</pr6>
            <pr7>0</pr7>
            <pr8>0</pr8>
            <pr9>0</pr9>
            <pr10>0</pr10>
        </phase_rms>
        <additional1></additional1>
        <additional2></additional2>
    </D2022-03-15_T10-21-46>
    <D2022-03-15_T10-21-58>
        <datetime>2022-03-15T10:21:58</datetime>
        <serialnumber>n985</serialnumber>
        <TS>37318</TS>
        <frequency>
            <f0>976.563</f0>
            <f1>1953.13</f1>
            <f2>3906.25</f2>
            <f3>7812.5</f3>
            <f4>15625</f4>
            <f5>31250</f5>
            <f6>62500</f6>
            <f7>125000</f7>
            <f8>250000</f8>
            <f9>500000</f9>
            <f10>1e+06</f10>
        </frequency>
        <amplitude>
            <a0>104.801</a0>
            <a1>100.373</a1>
            <a2>102.96</a2>
            <a3>102.045</a3>
            <a4>92.1779</a4>
            <a5>82.0113</a5>
            <a6>95.2262</a6>
            <a7>82.1578</a7>
            <a8>74.071</a8>
            <a9>71.1302</a9>
            <a10>49.9972</a10>
        </amplitude>
        <phase>
            <p0>10.229</p0>
            <p1>11.1363</p1>
            <p2>11.7331</p2>
            <p3>11.3953</p3>
            <p4>10.1755</p4>
            <p5>13.1164</p5>
            <p6>16.0736</p6>
            <p7>17.5799</p7>
            <p8>19.5731</p8>
            <p9>28.4277</p9>
            <p10>23.782</p10>
        </phase>
        <amplitude_rms>
            <ar0>0</ar0>
            <ar1>0</ar1>
            <ar2>0</ar2>
            <ar3>0</ar3>
            <ar4>0</ar4>
            <ar5>0</ar5>
            <ar6>0</ar6>
            <ar7>0</ar7>
            <ar8>0</ar8>
            <ar9>0</ar9>
            <ar10>0</ar10>
        </amplitude_rms>
        <phase_rms>
            <pr0>0</pr0>
            <pr1>0</pr1>
            <pr2>0</pr2>
            <pr3>0</pr3>
            <pr4>0</pr4>
            <pr5>0</pr5>
            <pr6>0</pr6>
            <pr7>0</pr7>
            <pr8>0</pr8>
            <pr9>0</pr9>
            <pr10>0</pr10>
        </phase_rms>
        <additional1></additional1>
        <additional2></additional2>
    </D2022-03-15_T10-21-58>
    <D2022-03-15_T10-22-40>
        <datetime>2022-03-15T10:22:40</datetime>
        <serialnumber>n985</serialnumber>
        <TS>37360</TS>
        <frequency>
            <f0>976.563</f0>
            <f1>1953.13</f1>
            <f2>3906.25</f2>
            <f3>7812.5</f3>
            <f4>15625</f4>
            <f5>31250</f5>
            <f6>62500</f6>
            <f7>125000</f7>
            <f8>250000</f8>
            <f9>500000</f9>
            <f10>1e+06</f10>
        </frequency>
        <amplitude>
            <a0>108.433</a0>
            <a1>105.564</a1>
            <a2>102.512</a2>
            <a3>103.287</a3>
            <a4>103.255</a4>
            <a5>93.6984</a5>
            <a6>84.8227</a6>
            <a7>79.2519</a7>
            <a8>81.6623</a8>
            <a9>79.6606</a9>
            <a10>50.0926</a10>
        </amplitude>
        <phase>
            <p0>11.551</p0>
            <p1>10.1543</p1>
            <p2>10.4599</p2>
            <p3>12.5755</p3>
            <p4>14.3493</p4>
            <p5>12.4259</p5>
            <p6>14.2903</p6>
            <p7>16.4845</p7>
            <p8>22.9128</p8>
            <p9>31.0594</p9>
            <p10>43.7455</p10>
        </phase>
        <amplitude_rms>
            <ar0>0</ar0>
            <ar1>0</ar1>
            <ar2>0</ar2>
            <ar3>0</ar3>
            <ar4>0</ar4>
            <ar5>0</ar5>
            <ar6>0</ar6>
            <ar7>0</ar7>
            <ar8>0</ar8>
            <ar9>0</ar9>
            <ar10>0</ar10>
        </amplitude_rms>
        <phase_rms>
            <pr0>0</pr0>
            <pr1>0</pr1>
            <pr2>0</pr2>
            <pr3>0</pr3>
            <pr4>0</pr4>
            <pr5>0</pr5>
            <pr6>0</pr6>
            <pr7>0</pr7>
            <pr8>0</pr8>
            <pr9>0</pr9>
            <pr10>0</pr10>
        </phase_rms>
        <additional1></additional1>
        <additional2></additional2>
    </D2022-03-15_T10-22-40>
    <D2022-03-15_T10-23-27>
        <datetime>2022-03-15T10:23:27</datetime>
        <serialnumber>n985</serialnumber>
        <TS>37407</TS>
        <frequency>
            <f0>976.563</f0>
            <f1>1953.13</f1>
            <f2>3906.25</f2>
            <f3>7812.5</f3>
            <f4>15625</f4>
            <f5>31250</f5>
            <f6>62500</f6>
            <f7>125000</f7>
            <f8>250000</f8>
            <f9>500000</f9>
            <f10>1e+06</f10>
        </frequency>
        <amplitude>
            <a0>86.0788</a0>
            <a1>86.1975</a1>
            <a2>85.4302</a2>
            <a3>84.7801</a3>
            <a4>82.3625</a4>
            <a5>80.3184</a5>
            <a6>79.3997</a6>
            <a7>77.1254</a7>
            <a8>73.8148</a8>
            <a9>65.7816</a9>
            <a10>49.8935</a10>
        </amplitude>
        <phase>
            <p0>10.905</p0>
            <p1>8.27589</p1>
            <p2>8.35075</p2>
            <p3>8.94538</p3>
            <p4>8.66414</p4>
            <p5>10.008</p5>
            <p6>12.4074</p6>
            <p7>15.1541</p7>
            <p8>19.006</p8>
            <p9>27.3706</p9>
            <p10>23.5104</p10>
        </phase>
        <amplitude_rms>
            <ar0>0</ar0>
            <ar1>0</ar1>
            <ar2>0</ar2>
            <ar3>0</ar3>
            <ar4>0</ar4>
            <ar5>0</ar5>
            <ar6>0</ar6>
            <ar7>0</ar7>
            <ar8>0</ar8>
            <ar9>0</ar9>
            <ar10>0</ar10>
        </amplitude_rms>
        <phase_rms>
            <pr0>0</pr0>
            <pr1>0</pr1>
            <pr2>0</pr2>
            <pr3>0</pr3>
            <pr4>0</pr4>
            <pr5>0</pr5>
            <pr6>0</pr6>
            <pr7>0</pr7>
            <pr8>0</pr8>
            <pr9>0</pr9>
            <pr10>0</pr10>
        </phase_rms>
        <additional1></additional1>
        <additional2></additional2>
    </D2022-03-15_T10-23-27>
    <D2022-03-15_T10-24-15>
        <datetime>2022-03-15T10:24:15</datetime>
        <serialnumber>n985</serialnumber>
        <TS>37455</TS>
        <frequency>
            <f0>976.563</f0>
            <f1>1953.13</f1>
            <f2>3906.25</f2>
            <f3>7812.5</f3>
            <f4>15625</f4>
            <f5>31250</f5>
            <f6>62500</f6>
            <f7>125000</f7>
            <f8>250000</f8>
            <f9>500000</f9>
            <f10>1e+06</f10>
        </frequency>
        <amplitude>
            <a0>85.1729</a0>
            <a1>86.9649</a1>
            <a2>86.1975</a2>
            <a3>84.7801</a3>
            <a4>82.4829</a4>
            <a5>81.2192</a5>
            <a6>79.3997</a6>
            <a7>75.231</a7>
            <a8>73.8148</a8>
            <a9>68.0933</a9>
            <a10>51.4702</a10>
        </amplitude>
        <phase>
            <p0>10.4915</p0>
            <p1>8.20235</p1>
            <p2>8.27589</p2>
            <p3>8.94538</p3>
            <p4>9.19666</p4>
            <p5>10.4516</p5>
            <p6>12.4074</p6>
            <p7>14.3227</p7>
            <p8>19.006</p8>
            <p9>27.3432</p9>
            <p10>24.6345</p10>
        </phase>
        <amplitude_rms>
            <ar0>0</ar0>
            <ar1>0</ar1>
            <ar2>0</ar2>
            <ar3>0</ar3>
            <ar4>0</ar4>
            <ar5>0</ar5>
            <ar6>0</ar6>
            <ar7>0</ar7>
            <ar8>0</ar8>
            <ar9>0</ar9>
            <ar10>0</ar10>
        </amplitude_rms>
        <phase_rms>
            <pr0>0</pr0>
            <pr1>0</pr1>
            <pr2>0</pr2>
            <pr3>0</pr3>
            <pr4>0</pr4>
            <pr5>0</pr5>
            <pr6>0</pr6>
            <pr7>0</pr7>
            <pr8>0</pr8>
            <pr9>0</pr9>
            <pr10>0</pr10>
        </phase_rms>
        <additional1></additional1>
        <additional2></additional2>
    </D2022-03-15_T10-24-15>
    <D2022-03-15_T10-24-28>
        <datetime>2022-03-15T10:24:28</datetime>
        <serialnumber>n985</serialnumber>
        <TS>37468</TS>
        <frequency>
            <f0>976.563</f0>
            <f1>1953.13</f1>
            <f2>3906.25</f2>
            <f3>7812.5</f3>
            <f4>15625</f4>
            <f5>31250</f5>
            <f6>62500</f6>
            <f7>125000</f7>
            <f8>250000</f8>
            <f9>500000</f9>
            <f10>1e+06</f10>
        </frequency>
        <amplitude>
            <a0>85.1729</a0>
            <a1>86.9649</a1>
            <a2>86.1975</a2>
            <a3>84.7801</a3>
            <a4>82.4829</a4>
            <a5>81.2192</a5>
            <a6>79.3997</a6>
            <a7>75.231</a7>
            <a8>73.8148</a8>
            <a9>68.0933</a9>
            <a10>51.4702</a10>
        </amplitude>
        <phase>
            <p0>10.4915</p0>
            <p1>8.20235</p1>
            <p2>8.27589</p2>
            <p3>8.94538</p3>
            <p4>9.19666</p4>
            <p5>10.4516</p5>
            <p6>12.4074</p6>
            <p7>14.3227</p7>
            <p8>19.006</p8>
            <p9>27.3432</p9>
            <p10>24.6345</p10>
        </phase>
        <amplitude_rms>
            <ar0>0</ar0>
            <ar1>0</ar1>
            <ar2>0</ar2>
            <ar3>0</ar3>
            <ar4>0</ar4>
            <ar5>0</ar5>
            <ar6>0</ar6>
            <ar7>0</ar7>
            <ar8>0</ar8>
            <ar9>0</ar9>
            <ar10>0</ar10>
        </amplitude_rms>
        <phase_rms>
            <pr0>0</pr0>
            <pr1>0</pr1>
            <pr2>0</pr2>
            <pr3>0</pr3>
            <pr4>0</pr4>
            <pr5>0</pr5>
            <pr6>0</pr6>
            <pr7>0</pr7>
            <pr8>0</pr8>
            <pr9>0</pr9>
            <pr10>0</pr10>
        </phase_rms>
        <additional1></additional1>
        <additional2></additional2>
    </D2022-03-15_T10-24-28>
    <D2022-03-15_T10-26-07>
        <datetime>2022-03-15T10:26:07</datetime>
        <serialnumber>n985</serialnumber>
        <TS>37567</TS>
        <frequency>
            <f0>976.563</f0>
            <f1>1953.13</f1>
            <f2>3906.25</f2>
            <f3>7812.5</f3>
            <f4>15625</f4>
            <f5>31250</f5>
            <f6>62500</f6>
            <f7>125000</f7>
            <f8>250000</f8>
            <f9>500000</f9>
            <f10>1e+06</f10>
        </frequency>
        <amplitude>
            <a0>99.1853</a0>
            <a1>100.988</a1>
            <a2>99.9493</a2>
            <a3>98.091</a3>
            <a4>98.7509</a4>
            <a5>95.3587</a5>
            <a6>100.223</a6>
            <a7>99.2126</a7>
            <a8>92.4872</a8>
            <a9>50.7637</a9>
            <a10>54.7041</a10>
        </amplitude>
        <phase>
            <p0>9.90418</p0>
            <p1>10.6197</p1>
            <p2>9.82772</p2>
            <p3>11.3988</p3>
            <p4>13.1632</p4>
            <p5>14.6013</p5>
            <p6>21.8014</p6>
            <p7>27.9671</p7>
            <p8>33.0239</p8>
            <p9>72.2109</p9>
            <p10>37.8987</p10>
        </phase>
        <amplitude_rms>
            <ar0>0</ar0>
            <ar1>0</ar1>
            <ar2>0</ar2>
            <ar3>0</ar3>
            <ar4>0</ar4>
            <ar5>0</ar5>
            <ar6>0</ar6>
            <ar7>0</ar7>
            <ar8>0</ar8>
            <ar9>0</ar9>
            <ar10>0</ar10>
        </amplitude_rms>
        <phase_rms>
            <pr0>0</pr0>
            <pr1>0</pr1>
            <pr2>0</pr2>
            <pr3>0</pr3>
            <pr4>0</pr4>
            <pr5>0</pr5>
            <pr6>0</pr6>
            <pr7>0</pr7>
            <pr8>0</pr8>
            <pr9>0</pr9>
            <pr10>0</pr10>
        </phase_rms>
        <additional1></additional1>
        <additional2></additional2>
    </D2022-03-15_T10-26-07>
    <D2022-03-15_T10-26-29>
        <datetime>2022-03-15T10:26:29</datetime>
        <serialnumber>n985</serialnumber>
        <TS>37589</TS>
        <frequency>
            <f0>976.563</f0>
            <f1>1953.13</f1>
            <f2>3906.25</f2>
            <f3>7812.5</f3>
            <f4>15625</f4>
            <f5>31250</f5>
            <f6>62500</f6>
            <f7>125000</f7>
            <f8>250000</f8>
            <f9>500000</f9>
            <f10>1e+06</f10>
        </frequency>
        <amplitude>
            <a0>98.5589</a0>
            <a1>93.7048</a1>
            <a2>94.137</a2>
            <a3>98.8513</a3>
            <a4>95.6577</a4>
            <a5>86.2289</a5>
            <a6>79.7474</a6>
            <a7>82.6685</a7>
            <a8>77.7815</a8>
            <a9>66.1301</a9>
            <a10>49.6895</a10>
        </amplitude>
        <phase>
            <p0>10.4258</p0>
            <p1>10.008</p1>
            <p2>11.4025</p2>
            <p3>11.3099</p3>
            <p4>11.2188</p4>
            <p5>11.411</p5>
            <p6>13.4957</p6>
            <p7>16.9052</p7>
            <p8>20.4223</p8>
            <p9>27.4665</p9>
            <p10>22.9638</p10>
        </phase>
        <amplitude_rms>
            <ar0>0</ar0>
            <ar1>0</ar1>
            <ar2>0</ar2>
            <ar3>0</ar3>
            <ar4>0</ar4>
            <ar5>0</ar5>
            <ar6>0</ar6>
            <ar7>0</ar7>
            <ar8>0</ar8>
            <ar9>0</ar9>
            <ar10>0</ar10>
        </amplitude_rms>
        <phase_rms>
            <pr0>0</pr0>
            <pr1>0</pr1>
            <pr2>0</pr2>
            <pr3>0</pr3>
            <pr4>0</pr4>
            <pr5>0</pr5>
            <pr6>0</pr6>
            <pr7>0</pr7>
            <pr8>0</pr8>
            <pr9>0</pr9>
            <pr10>0</pr10>
        </phase_rms>
        <additional1></additional1>
        <additional2></additional2>
    </D2022-03-15_T10-26-29>
    <D2022-03-15_T10-28-24>
        <datetime>2022-03-15T10:28:24</datetime>
        <serialnumber>n985</serialnumber>
        <TS>37704</TS>
        <frequency>
            <f0>976.563</f0>
            <f1>1953.13</f1>
            <f2>3906.25</f2>
            <f3>7812.5</f3>
            <f4>15625</f4>
            <f5>31250</f5>
            <f6>62500</f6>
            <f7>125000</f7>
            <f8>250000</f8>
            <f9>500000</f9>
            <f10>1e+06</f10>
        </frequency>
        <amplitude>
            <a0>86.6983</a0>
            <a1>87.0789</a1>
            <a2>87.0789</a2>
            <a3>85.6692</a3>
            <a4>83.3747</a4>
            <a5>81.0822</a5>
            <a6>80.1573</a6>
            <a7>76.9264</a7>
            <a8>73.8148</a8>
            <a9>66.708</a9>
            <a10>50.7078</a10>
        </amplitude>
        <phase>
            <p0>10.3048</p0>
            <p1>8.70737</p1>
            <p2>8.70737</p2>
            <p3>9.37706</p3>
            <p4>9.63754</p4>
            <p5>9.91275</p5>
            <p6>12.2883</p6>
            <p7>14.5966</p7>
            <p8>19.006</p8>
            <p9>27.4587</p9>
            <p10>23.4287</p10>
        </phase>
        <amplitude_rms>
            <ar0>0</ar0>
            <ar1>0</ar1>
            <ar2>0</ar2>
            <ar3>0</ar3>
            <ar4>0</ar4>
            <ar5>0</ar5>
            <ar6>0</ar6>
            <ar7>0</ar7>
            <ar8>0</ar8>
            <ar9>0</ar9>
            <ar10>0</ar10>
        </amplitude_rms>
        <phase_rms>
            <pr0>0</pr0>
            <pr1>0</pr1>
            <pr2>0</pr2>
            <pr3>0</pr3>
            <pr4>0</pr4>
            <pr5>0</pr5>
            <pr6>0</pr6>
            <pr7>0</pr7>
            <pr8>0</pr8>
            <pr9>0</pr9>
            <pr10>0</pr10>
        </phase_rms>
        <additional1></additional1>
        <additional2></additional2>
    </D2022-03-15_T10-28-24>
    <D2022-03-15_T10-29-39>
        <datetime>2022-03-15T10:29:39</datetime>
        <serialnumber>n985</serialnumber>
        <TS>37779</TS>
        <frequency>
            <f0>976.563</f0>
            <f1>1953.13</f1>
            <f2>3906.25</f2>
            <f3>7812.5</f3>
            <f4>15625</f4>
            <f5>31250</f5>
            <f6>62500</f6>
            <f7>125000</f7>
            <f8>250000</f8>
            <f9>500000</f9>
            <f10>1e+06</f10>
        </frequency>
        <amplitude>
            <a0>93.8427</a0>
            <a1>88.6123</a1>
            <a2>88.6123</a2>
            <a3>87.1997</a3>
            <a4>85.0351</a4>
            <a5>83.5081</a5>
            <a6>81.0822</a6>
            <a7>79.0354</a7>
            <a8>77.0552</a8>
            <a9>74.6165</a9>
            <a10>63.402</a10>
        </amplitude>
        <phase>
            <p0>10.4742</p0>
            <p1>8.55556</p1>
            <p2>8.55556</p2>
            <p3>9.21103</p3>
            <p4>9.97771</p4>
            <p5>10.1621</p5>
            <p6>12.7071</p6>
            <p7>15.9454</p7>
            <p8>20.6235</p8>
            <p9>28.7847</p9>
            <p10>32.0054</p10>
        </phase>
        <amplitude_rms>
            <ar0>0</ar0>
            <ar1>0</ar1>
            <ar2>0</ar2>
            <ar3>0</ar3>
            <ar4>0</ar4>
            <ar5>0</ar5>
            <ar6>0</ar6>
            <ar7>0</ar7>
            <ar8>0</ar8>
            <ar9>0</ar9>
            <ar10>0</ar10>
        </amplitude_rms>
        <phase_rms>
            <pr0>0</pr0>
            <pr1>0</pr1>
            <pr2>0</pr2>
            <pr3>0</pr3>
            <pr4>0</pr4>
            <pr5>0</pr5>
            <pr6>0</pr6>
            <pr7>0</pr7>
            <pr8>0</pr8>
            <pr9>0</pr9>
            <pr10>0</pr10>
        </phase_rms>
        <additional1></additional1>
        <additional2></additional2>
    </D2022-03-15_T10-29-39>
    <D2022-03-15_T10-30-25>
        <datetime>2022-03-15T10:30:25</datetime>
        <serialnumber>n985</serialnumber>
        <TS>37825</TS>
        <frequency>
            <f0>976.563</f0>
            <f1>1953.13</f1>
            <f2>3906.25</f2>
            <f3>7812.5</f3>
            <f4>15625</f4>
            <f5>31250</f5>
            <f6>62500</f6>
            <f7>125000</f7>
            <f8>250000</f8>
            <f9>500000</f9>
            <f10>1e+06</f10>
        </frequency>
        <amplitude>
            <a0>81.2192</a0>
            <a1>82.9119</a1>
            <a2>82.2492</a2>
            <a3>80.8296</a3>
            <a4>80.8296</a4>
            <a5>78.7915</a5>
            <a6>76.0419</a6>
            <a7>73.7292</a7>
            <a8>70.6301</a8>
            <a9>64.4083</a9>
            <a10>48.637</a10>
        </amplitude>
        <phase>
            <p0>10.4516</p0>
            <p1>7.52382</p1>
            <p2>8.1301</p2>
            <p3>8.82974</p3>
            <p4>8.82974</p4>
            <p5>10.204</p5>
            <p6>11.7683</p6>
            <p7>14.6209</p7>
            <p8>19.2307</p8>
            <p9>28.0049</p9>
            <p10>23.1586</p10>
        </phase>
        <amplitude_rms>
            <ar0>0</ar0>
            <ar1>0</ar1>
            <ar2>0</ar2>
            <ar3>0</ar3>
            <ar4>0</ar4>
            <ar5>0</ar5>
            <ar6>0</ar6>
            <ar7>0</ar7>
            <ar8>0</ar8>
            <ar9>0</ar9>
            <ar10>0</ar10>
        </amplitude_rms>
        <phase_rms>
            <pr0>0</pr0>
            <pr1>0</pr1>
            <pr2>0</pr2>
            <pr3>0</pr3>
            <pr4>0</pr4>
            <pr5>0</pr5>
            <pr6>0</pr6>
            <pr7>0</pr7>
            <pr8>0</pr8>
            <pr9>0</pr9>
            <pr10>0</pr10>
        </phase_rms>
        <additional1></additional1>
        <additional2></additional2>
    </D2022-03-15_T10-30-25>
    <D2022-03-15_T10-31-00>
        <datetime>2022-03-15T10:31:00</datetime>
        <serialnumber>n985</serialnumber>
        <TS>37860</TS>
        <frequency>
            <f0>976.563</f0>
            <f1>1953.13</f1>
            <f2>3906.25</f2>
            <f3>7812.5</f3>
            <f4>15625</f4>
            <f5>31250</f5>
            <f6>62500</f6>
            <f7>125000</f7>
            <f8>250000</f8>
            <f9>500000</f9>
            <f10>1e+06</f10>
        </frequency>
        <amplitude>
            <a0>84.2715</a0>
            <a1>84.5529</a1>
            <a2>85.5462</a2>
            <a3>82.4829</a3>
            <a4>81.7175</a4>
            <a5>79.6946</a5>
            <a6>77.7196</a6>
            <a7>74.4798</a7>
            <a8>72.3502</a8>
            <a9>65.0939</a9>
            <a10>49.5246</a10>
        </amplitude>
        <phase>
            <p0>10.0691</p0>
            <p1>7.90716</p1>
            <p2>8.86462</p2>
            <p3>9.19666</p3>
            <p4>9.28355</p4>
            <p5>10.6539</p5>
            <p6>12.0948</p6>
            <p7>14.4703</p7>
            <p8>19.406</p8>
            <p9>27.6844</p9>
            <p10>24.0232</p10>
        </phase>
        <amplitude_rms>
            <ar0>0</ar0>
            <ar1>0</ar1>
            <ar2>0</ar2>
            <ar3>0</ar3>
            <ar4>0</ar4>
            <ar5>0</ar5>
            <ar6>0</ar6>
            <ar7>0</ar7>
            <ar8>0</ar8>
            <ar9>0</ar9>
            <ar10>0</ar10>
        </amplitude_rms>
        <phase_rms>
            <pr0>0</pr0>
            <pr1>0</pr1>
            <pr2>0</pr2>
            <pr3>0</pr3>
            <pr4>0</pr4>
            <pr5>0</pr5>
            <pr6>0</pr6>
            <pr7>0</pr7>
            <pr8>0</pr8>
            <pr9>0</pr9>
            <pr10>0</pr10>
        </phase_rms>
        <additional1></additional1>
        <additional2></additional2>
    </D2022-03-15_T10-31-00>
    <D2022-03-15_T10-31-42>
        <datetime>2022-03-15T10:31:42</datetime>
        <serialnumber>n985</serialnumber>
        <TS>37902</TS>
        <frequency>
            <f0>976.563</f0>
            <f1>1953.13</f1>
            <f2>3906.25</f2>
            <f3>7812.5</f3>
            <f4>15625</f4>
            <f5>31250</f5>
            <f6>62500</f6>
            <f7>125000</f7>
            <f8>250000</f8>
            <f9>500000</f9>
            <f10>1e+06</f10>
        </frequency>
        <amplitude>
            <a0>83.5081</a0>
            <a1>85.321</a1>
            <a2>84.7801</a2>
            <a3>84.1394</a3>
            <a4>81.7175</a4>
            <a5>79.5548</a5>
            <a6>77.8858</a6>
            <a7>75.4265</a7>
            <a8>71.3628</a8>
            <a9>64.3963</a9>
            <a10>48.7742</a10>
        </amplitude>
        <phase>
            <p0>10.1621</p0>
            <p1>7.83553</p1>
            <p2>8.94538</p2>
            <p3>9.54913</p3>
            <p4>9.28355</p4>
            <p5>10.105</p5>
            <p6>12.6526</p6>
            <p7>14.8935</p7>
            <p8>19.0256</p8>
            <p9>27.4908</p9>
            <p10>22.76</p10>
        </phase>
        <amplitude_rms>
            <ar0>0</ar0>
            <ar1>0</ar1>
            <ar2>0</ar2>
            <ar3>0</ar3>
            <ar4>0</ar4>
            <ar5>0</ar5>
            <ar6>0</ar6>
            <ar7>0</ar7>
            <ar8>0</ar8>
            <ar9>0</ar9>
            <ar10>0</ar10>
        </amplitude_rms>
        <phase_rms>
            <pr0>0</pr0>
            <pr1>0</pr1>
            <pr2>0</pr2>
            <pr3>0</pr3>
            <pr4>0</pr4>
            <pr5>0</pr5>
            <pr6>0</pr6>
            <pr7>0</pr7>
            <pr8>0</pr8>
            <pr9>0</pr9>
            <pr10>0</pr10>
        </phase_rms>
        <additional1></additional1>
        <additional2></additional2>
    </D2022-03-15_T10-31-42>
</Mona>
