<?xml version="1.0" encoding="UTF-8"?>
<Ebba>
    <D2022-03-16_T13-17-57>
        <datetime>2022-03-16T13:17:57</datetime>
        <serialnumber>n698</serialnumber>
        <TS>47877</TS>
        <frequency>
            <f0>976.563</f0>
            <f1>1953.13</f1>
            <f2>3906.25</f2>
            <f3>7812.5</f3>
            <f4>15625</f4>
            <f5>31250</f5>
            <f6>62500</f6>
            <f7>125000</f7>
            <f8>250000</f8>
            <f9>500000</f9>
            <f10>1e+06</f10>
        </frequency>
        <amplitude>
            <a0>63.2423</a0>
            <a1>62.0392</a1>
            <a2>62.0845</a2>
            <a3>61.4375</a3>
            <a4>60.9548</a4>
            <a5>59.3514</a5>
            <a6>58.2803</a6>
            <a7>56.5488</a7>
            <a8>54.0047</a8>
            <a9>54.2227</a9>
            <a10>42.7598</a10>
        </amplitude>
        <phase>
            <p0>8.45946</p0>
            <p1>7.42033</p1>
            <p2>7.73626</p2>
            <p3>8.06105</p3>
            <p4>8.86312</p4>
            <p5>9.69514</p5>
            <p6>11.4263</p6>
            <p7>14.2901</p7>
            <p8>18.8972</p8>
            <p9>33.4618</p9>
            <p10>35.8994</p10>
        </phase>
        <amplitude_rms>
            <ar0>0.6576</ar0>
            <ar1>0.6228</ar1>
            <ar2>0.3601</ar2>
            <ar3>0.448</ar3>
            <ar4>0.03094</ar4>
            <ar5>0.3886</ar5>
            <ar6>0.3572</ar6>
            <ar7>0.09212</ar7>
            <ar8>0.2865</ar8>
            <ar9>0.6494</ar9>
            <ar10>0.2894</ar10>
        </amplitude_rms>
        <phase_rms>
            <pr0>0.2776</pr0>
            <pr1>0.1569</pr1>
            <pr2>0.08946</pr2>
            <pr3>0.1938</pr3>
            <pr4>0.1131</pr4>
            <pr5>0.14</pr5>
            <pr6>0.1246</pr6>
            <pr7>0.2072</pr7>
            <pr8>0.0806</pr8>
            <pr9>0.1656</pr9>
            <pr10>0.2291</pr10>
        </phase_rms>
        <additional1></additional1>
        <additional2></additional2>
    </D2022-03-16_T13-17-57>
    <D2022-03-16_T13-19-54>
        <datetime>2022-03-16T13:19:54</datetime>
        <serialnumber>n698</serialnumber>
        <TS>47994</TS>
        <frequency>
            <f0>976.563</f0>
            <f1>1953.13</f1>
            <f2>3906.25</f2>
            <f3>7812.5</f3>
            <f4>15625</f4>
            <f5>31250</f5>
            <f6>62500</f6>
            <f7>125000</f7>
            <f8>250000</f8>
            <f9>500000</f9>
            <f10>1e+06</f10>
        </frequency>
        <amplitude>
            <a0>63.4236</a0>
            <a1>62.3998</a1>
            <a2>61.6695</a2>
            <a3>60.3914</a3>
            <a4>59.7054</a4>
            <a5>58.562</a5>
            <a6>57.0314</a6>
            <a7>55.2323</a7>
            <a8>53.3813</a8>
            <a9>53.1957</a9>
            <a10>43.3961</a10>
        </amplitude>
        <phase>
            <p0>7.96499</p0>
            <p1>8.09654</p1>
            <p2>8.43577</p2>
            <p3>8.61565</p3>
            <p4>9.21764</p4>
            <p5>10.1691</p5>
            <p6>11.7683</p6>
            <p7>14.3614</p7>
            <p8>19.2246</p8>
            <p9>33.304</p9>
            <p10>38.7131</p10>
        </phase>
        <amplitude_rms>
            <ar0>0</ar0>
            <ar1>0</ar1>
            <ar2>0</ar2>
            <ar3>0</ar3>
            <ar4>0</ar4>
            <ar5>0</ar5>
            <ar6>0</ar6>
            <ar7>0</ar7>
            <ar8>0</ar8>
            <ar9>0</ar9>
            <ar10>0</ar10>
        </amplitude_rms>
        <phase_rms>
            <pr0>0</pr0>
            <pr1>0</pr1>
            <pr2>0</pr2>
            <pr3>0</pr3>
            <pr4>0</pr4>
            <pr5>0</pr5>
            <pr6>0</pr6>
            <pr7>0</pr7>
            <pr8>0</pr8>
            <pr9>0</pr9>
            <pr10>0</pr10>
        </phase_rms>
        <additional1></additional1>
        <additional2></additional2>
    </D2022-03-16_T13-19-54>
    <D2022-03-16_T13-23-43>
        <datetime>2022-03-16T13:23:43</datetime>
        <serialnumber>n698</serialnumber>
        <TS>48223</TS>
        <frequency>
            <f0>976.563</f0>
            <f1>1953.13</f1>
            <f2>3906.25</f2>
            <f3>7812.5</f3>
            <f4>15625</f4>
            <f5>31250</f5>
            <f6>62500</f6>
            <f7>125000</f7>
            <f8>250000</f8>
            <f9>500000</f9>
            <f10>1e+06</f10>
        </frequency>
        <amplitude>
            <a0>61.2701</a0>
            <a1>61.3398</a1>
            <a2>60.3161</a2>
            <a3>59.6248</a3>
            <a4>57.878</a4>
            <a5>57.0361</a5>
            <a6>55.7134</a6>
            <a7>53.6017</a7>
            <a8>51.5785</a8>
            <a9>51.7647</a9>
            <a10>44.5801</a10>
        </amplitude>
        <phase>
            <p0>7.51478</p0>
            <p1>7.99352</p1>
            <p2>8.1301</p2>
            <p3>8.72728</p3>
            <p4>9.25199</p4>
            <p5>10.4442</p5>
            <p6>11.7791</p6>
            <p7>14.2373</p7>
            <p8>18.7074</p8>
            <p9>32.9759</p9>
            <p10>40.0608</p10>
        </phase>
        <amplitude_rms>
            <ar0>0</ar0>
            <ar1>0</ar1>
            <ar2>0</ar2>
            <ar3>0</ar3>
            <ar4>0</ar4>
            <ar5>0</ar5>
            <ar6>0</ar6>
            <ar7>0</ar7>
            <ar8>0</ar8>
            <ar9>0</ar9>
            <ar10>0</ar10>
        </amplitude_rms>
        <phase_rms>
            <pr0>0</pr0>
            <pr1>0</pr1>
            <pr2>0</pr2>
            <pr3>0</pr3>
            <pr4>0</pr4>
            <pr5>0</pr5>
            <pr6>0</pr6>
            <pr7>0</pr7>
            <pr8>0</pr8>
            <pr9>0</pr9>
            <pr10>0</pr10>
        </phase_rms>
        <additional1></additional1>
        <additional2></additional2>
    </D2022-03-16_T13-23-43>
    <D2022-03-16_T13-25-07>
        <datetime>2022-03-16T13:25:07</datetime>
        <serialnumber>n698</serialnumber>
        <TS>48307</TS>
        <frequency>
            <f0>976.563</f0>
            <f1>1953.13</f1>
            <f2>3906.25</f2>
            <f3>7812.5</f3>
            <f4>15625</f4>
            <f5>31250</f5>
            <f6>62500</f6>
            <f7>125000</f7>
            <f8>250000</f8>
            <f9>500000</f9>
            <f10>1e+06</f10>
        </frequency>
        <amplitude>
            <a0>61.2701</a0>
            <a1>60.2801</a1>
            <a2>59.7681</a2>
            <a3>59.1139</a3>
            <a4>57.9201</a4>
            <a5>56.4811</a5>
            <a6>54.9016</a6>
            <a7>53.1008</a7>
            <a8>51.3337</a8>
            <a9>51.6245</a9>
            <a10>43.8518</a10>
        </amplitude>
        <phase>
            <p0>7.51478</p0>
            <p1>7.88688</p1>
            <p2>7.95489</p2>
            <p3>8.80331</p3>
            <p4>9.50436</p4>
            <p5>10.2814</p5>
            <p6>11.6803</p6>
            <p7>14.3745</p7>
            <p8>18.7999</p8>
            <p9>32.7352</p9>
            <p10>39.9785</p10>
        </phase>
        <amplitude_rms>
            <ar0>0</ar0>
            <ar1>0</ar1>
            <ar2>0</ar2>
            <ar3>0</ar3>
            <ar4>0</ar4>
            <ar5>0</ar5>
            <ar6>0</ar6>
            <ar7>0</ar7>
            <ar8>0</ar8>
            <ar9>0</ar9>
            <ar10>0</ar10>
        </amplitude_rms>
        <phase_rms>
            <pr0>0</pr0>
            <pr1>0</pr1>
            <pr2>0</pr2>
            <pr3>0</pr3>
            <pr4>0</pr4>
            <pr5>0</pr5>
            <pr6>0</pr6>
            <pr7>0</pr7>
            <pr8>0</pr8>
            <pr9>0</pr9>
            <pr10>0</pr10>
        </phase_rms>
        <additional1></additional1>
        <additional2></additional2>
    </D2022-03-16_T13-25-07>
    <D2022-03-16_T13-27-29>
        <datetime>2022-03-16T13:27:29</datetime>
        <serialnumber>n698</serialnumber>
        <TS>48449</TS>
        <frequency>
            <f0>976.563</f0>
            <f1>1953.13</f1>
            <f2>3906.25</f2>
            <f3>7812.5</f3>
            <f4>15625</f4>
            <f5>31250</f5>
            <f6>62500</f6>
            <f7>125000</f7>
            <f8>250000</f8>
            <f9>500000</f9>
            <f10>1e+06</f10>
        </frequency>
        <amplitude>
            <a0>61.8518</a0>
            <a1>61.0138</a1>
            <a2>60.3532</a2>
            <a3>59.6248</a3>
            <a4>58.4729</a4>
            <a5>56.9898</a5>
            <a6>55.408</a6>
            <a7>53.9162</a7>
            <a8>51.5785</a8>
            <a9>51.4072</a9>
            <a10>43.6862</a10>
        </amplitude>
        <phase>
            <p0>7.92693</p0>
            <p1>7.54652</p1>
            <p2>8.37303</p2>
            <p3>8.72728</p3>
            <p4>9.67052</p4>
            <p5>10.1886</p5>
            <p6>11.572</p6>
            <p7>14.436</p7>
            <p8>18.7074</p8>
            <p9>32.891</p9>
            <p10>39.7188</p10>
        </phase>
        <amplitude_rms>
            <ar0>0</ar0>
            <ar1>0</ar1>
            <ar2>0</ar2>
            <ar3>0</ar3>
            <ar4>0</ar4>
            <ar5>0</ar5>
            <ar6>0</ar6>
            <ar7>0</ar7>
            <ar8>0</ar8>
            <ar9>0</ar9>
            <ar10>0</ar10>
        </amplitude_rms>
        <phase_rms>
            <pr0>0</pr0>
            <pr1>0</pr1>
            <pr2>0</pr2>
            <pr3>0</pr3>
            <pr4>0</pr4>
            <pr5>0</pr5>
            <pr6>0</pr6>
            <pr7>0</pr7>
            <pr8>0</pr8>
            <pr9>0</pr9>
            <pr10>0</pr10>
        </phase_rms>
        <additional1></additional1>
        <additional2></additional2>
    </D2022-03-16_T13-27-29>
    <D2022-03-16_T13-27-52>
        <datetime>2022-03-16T13:27:52</datetime>
        <serialnumber>n698</serialnumber>
        <TS>48472</TS>
        <frequency>
            <f0>976.563</f0>
            <f1>1953.13</f1>
            <f2>3906.25</f2>
            <f3>7812.5</f3>
            <f4>15625</f4>
            <f5>31250</f5>
            <f6>62500</f6>
            <f7>125000</f7>
            <f8>250000</f8>
            <f9>500000</f9>
            <f10>1e+06</f10>
        </frequency>
        <amplitude>
            <a0>62.3639</a0>
            <a1>61.3044</a1>
            <a2>60.647</a2>
            <a3>59.4093</a3>
            <a4>58.4301</a4>
            <a5>57.2903</a5>
            <a6>55.4604</a6>
            <a7>53.6659</a7>
            <a8>51.9065</a8>
            <a9>51.9058</a9>
            <a10>44.0183</a10>
        </amplitude>
        <phase>
            <p0>7.86143</p0>
            <p1>7.75429</p1>
            <p2>8.57907</p2>
            <p3>9.01151</p3>
            <p4>9.42065</p4>
            <p5>10.3973</p5>
            <p6>11.8336</p6>
            <p7>14.5048</p7>
            <p8>18.8861</p8>
            <p9>33.2153</p9>
            <p10>40.2364</p10>
        </phase>
        <amplitude_rms>
            <ar0>0</ar0>
            <ar1>0</ar1>
            <ar2>0</ar2>
            <ar3>0</ar3>
            <ar4>0</ar4>
            <ar5>0</ar5>
            <ar6>0</ar6>
            <ar7>0</ar7>
            <ar8>0</ar8>
            <ar9>0</ar9>
            <ar10>0</ar10>
        </amplitude_rms>
        <phase_rms>
            <pr0>0</pr0>
            <pr1>0</pr1>
            <pr2>0</pr2>
            <pr3>0</pr3>
            <pr4>0</pr4>
            <pr5>0</pr5>
            <pr6>0</pr6>
            <pr7>0</pr7>
            <pr8>0</pr8>
            <pr9>0</pr9>
            <pr10>0</pr10>
        </phase_rms>
        <additional1></additional1>
        <additional2></additional2>
    </D2022-03-16_T13-27-52>
    <D2022-03-16_T13-28-22>
        <datetime>2022-03-16T13:28:22</datetime>
        <serialnumber>n698</serialnumber>
        <TS>48502</TS>
        <frequency>
            <f0>976.563</f0>
            <f1>1953.13</f1>
            <f2>3906.25</f2>
            <f3>7812.5</f3>
            <f4>15625</f4>
            <f5>31250</f5>
            <f6>62500</f6>
            <f7>125000</f7>
            <f8>250000</f8>
            <f9>500000</f9>
            <f10>1e+06</f10>
        </frequency>
        <amplitude>
            <a0>61.5263</a0>
            <a1>60.9804</a1>
            <a2>59.989</a2>
            <a3>59.0002</a3>
            <a4>58.3081</a4>
            <a5>57.1555</a5>
            <a6>55.0529</a6>
            <a7>53.7896</a7>
            <a8>51.4962</a8>
            <a9>51.7647</a9>
            <a10>44.0502</a10>
        </amplitude>
        <phase>
            <p0>7.4833</p0>
            <p1>7.30576</p1>
            <p2>7.67621</p2>
            <p3>8.0591</p3>
            <p4>8.66892</p4>
            <p5>9.63272</p5>
            <p6>11.0989</p6>
            <p7>13.9027</p7>
            <p8>18.4349</p8>
            <p9>32.9759</p9>
            <p10>39.7625</p10>
        </phase>
        <amplitude_rms>
            <ar0>0</ar0>
            <ar1>0</ar1>
            <ar2>0</ar2>
            <ar3>0</ar3>
            <ar4>0</ar4>
            <ar5>0</ar5>
            <ar6>0</ar6>
            <ar7>0</ar7>
            <ar8>0</ar8>
            <ar9>0</ar9>
            <ar10>0</ar10>
        </amplitude_rms>
        <phase_rms>
            <pr0>0</pr0>
            <pr1>0</pr1>
            <pr2>0</pr2>
            <pr3>0</pr3>
            <pr4>0</pr4>
            <pr5>0</pr5>
            <pr6>0</pr6>
            <pr7>0</pr7>
            <pr8>0</pr8>
            <pr9>0</pr9>
            <pr10>0</pr10>
        </phase_rms>
        <additional1></additional1>
        <additional2></additional2>
    </D2022-03-16_T13-28-22>
    <D2022-03-16_T13-28-37>
        <datetime>2022-03-16T13:28:37</datetime>
        <serialnumber>n698</serialnumber>
        <TS>48517</TS>
        <frequency>
            <f0>976.563</f0>
            <f1>1953.13</f1>
            <f2>3906.25</f2>
            <f3>7812.5</f3>
            <f4>15625</f4>
            <f5>31250</f5>
            <f6>62500</f6>
            <f7>125000</f7>
            <f8>250000</f8>
            <f9>500000</f9>
            <f10>1e+06</f10>
        </frequency>
        <amplitude>
            <a0>62.0061</a0>
            <a1>61.2701</a1>
            <a2>60.2113</a2>
            <a3>59.2927</a3>
            <a4>58.3477</a4>
            <a5>56.9006</a5>
            <a6>55.3567</a6>
            <a7>53.7896</a7>
            <a8>51.6607</a8>
            <a9>51.8421</a9>
            <a10>44.2492</a10>
        </amplitude>
        <phase>
            <p0>7.18427</p0>
            <p1>7.51478</p1>
            <p2>7.39959</p2>
            <p3>8.2714</p3>
            <p4>8.91984</p4>
            <p5>9.67627</p5>
            <p6>11.3099</p6>
            <p7>13.9027</p7>
            <p8>18.0723</p8>
            <p9>32.5807</p9>
            <p10>39.5484</p10>
        </phase>
        <amplitude_rms>
            <ar0>0</ar0>
            <ar1>0</ar1>
            <ar2>0</ar2>
            <ar3>0</ar3>
            <ar4>0</ar4>
            <ar5>0</ar5>
            <ar6>0</ar6>
            <ar7>0</ar7>
            <ar8>0</ar8>
            <ar9>0</ar9>
            <ar10>0</ar10>
        </amplitude_rms>
        <phase_rms>
            <pr0>0</pr0>
            <pr1>0</pr1>
            <pr2>0</pr2>
            <pr3>0</pr3>
            <pr4>0</pr4>
            <pr5>0</pr5>
            <pr6>0</pr6>
            <pr7>0</pr7>
            <pr8>0</pr8>
            <pr9>0</pr9>
            <pr10>0</pr10>
        </phase_rms>
        <additional1></additional1>
        <additional2></additional2>
    </D2022-03-16_T13-28-37>
    <D2022-03-16_T13-28-58>
        <datetime>2022-03-16T13:28:58</datetime>
        <serialnumber>n698</serialnumber>
        <TS>48538</TS>
        <frequency>
            <f0>976.563</f0>
            <f1>1953.13</f1>
            <f2>3906.25</f2>
            <f3>7812.5</f3>
            <f4>15625</f4>
            <f5>31250</f5>
            <f6>62500</f6>
            <f7>125000</f7>
            <f8>250000</f8>
            <f9>500000</f9>
            <f10>1e+06</f10>
        </frequency>
        <amplitude>
            <a0>61.5263</a0>
            <a1>61.3044</a1>
            <a2>60.2801</a2>
            <a3>59.3305</a3>
            <a4>58.3883</a4>
            <a5>56.9446</a5>
            <a6>55.6102</a6>
            <a7>53.7896</a7>
            <a8>51.7414</a8>
            <a9>51.7647</a9>
            <a10>43.5214</a10>
        </amplitude>
        <phase>
            <p0>7.4833</p0>
            <p1>7.75429</p1>
            <p2>7.88688</p2>
            <p3>8.51842</p3>
            <p4>9.17042</p4>
            <p5>9.93265</p5>
            <p6>11.2577</p6>
            <p7>13.9027</p7>
            <p8>18.3444</p8>
            <p9>32.9759</p9>
            <p10>39.457</p10>
        </phase>
        <amplitude_rms>
            <ar0>0</ar0>
            <ar1>0</ar1>
            <ar2>0</ar2>
            <ar3>0</ar3>
            <ar4>0</ar4>
            <ar5>0</ar5>
            <ar6>0</ar6>
            <ar7>0</ar7>
            <ar8>0</ar8>
            <ar9>0</ar9>
            <ar10>0</ar10>
        </amplitude_rms>
        <phase_rms>
            <pr0>0</pr0>
            <pr1>0</pr1>
            <pr2>0</pr2>
            <pr3>0</pr3>
            <pr4>0</pr4>
            <pr5>0</pr5>
            <pr6>0</pr6>
            <pr7>0</pr7>
            <pr8>0</pr8>
            <pr9>0</pr9>
            <pr10>0</pr10>
        </phase_rms>
        <additional1></additional1>
        <additional2></additional2>
    </D2022-03-16_T13-28-58>
    <D2022-03-16_T13-29-18>
        <datetime>2022-03-16T13:29:18</datetime>
        <serialnumber>n698</serialnumber>
        <TS>48558</TS>
        <frequency>
            <f0>976.563</f0>
            <f1>1953.13</f1>
            <f2>3906.25</f2>
            <f3>7812.5</f3>
            <f4>15625</f4>
            <f5>31250</f5>
            <f6>62500</f6>
            <f7>125000</f7>
            <f8>250000</f8>
            <f9>500000</f9>
            <f10>1e+06</f10>
        </frequency>
        <amplitude>
            <a0>62.0389</a0>
            <a1>60.7576</a1>
            <a2>60.2801</a2>
            <a3>59.0002</a3>
            <a4>58.0923</a4>
            <a5>56.9006</a5>
            <a6>55.3066</a6>
            <a7>53.4769</a7>
            <a8>51.8234</a8>
            <a9>52.1991</a9>
            <a10>44.4488</a10>
        </amplitude>
        <phase>
            <p0>7.42112</p0>
            <p1>7.57854</p1>
            <p2>7.88688</p2>
            <p3>8.0591</p3>
            <p4>8.95937</p4>
            <p5>9.67627</p5>
            <p6>11.0474</p6>
            <p7>13.7004</p7>
            <p8>18.6157</p8>
            <p9>32.667</p9>
            <p10>39.3363</p10>
        </phase>
        <amplitude_rms>
            <ar0>0</ar0>
            <ar1>0</ar1>
            <ar2>0</ar2>
            <ar3>0</ar3>
            <ar4>0</ar4>
            <ar5>0</ar5>
            <ar6>0</ar6>
            <ar7>0</ar7>
            <ar8>0</ar8>
            <ar9>0</ar9>
            <ar10>0</ar10>
        </amplitude_rms>
        <phase_rms>
            <pr0>0</pr0>
            <pr1>0</pr1>
            <pr2>0</pr2>
            <pr3>0</pr3>
            <pr4>0</pr4>
            <pr5>0</pr5>
            <pr6>0</pr6>
            <pr7>0</pr7>
            <pr8>0</pr8>
            <pr9>0</pr9>
            <pr10>0</pr10>
        </phase_rms>
        <additional1></additional1>
        <additional2></additional2>
    </D2022-03-16_T13-29-18>
    <D2022-03-16_T13-29-47>
        <datetime>2022-03-16T13:29:47</datetime>
        <serialnumber>n698</serialnumber>
        <TS>48587</TS>
        <frequency>
            <f0>976.563</f0>
            <f1>1953.13</f1>
            <f2>3906.25</f2>
            <f3>7812.5</f3>
            <f4>15625</f4>
            <f5>31250</f5>
            <f6>62500</f6>
            <f7>125000</f7>
            <f8>250000</f8>
            <f9>500000</f9>
            <f10>1e+06</f10>
        </frequency>
        <amplitude>
            <a0>62.0729</a0>
            <a1>61.0483</a1>
            <a2>59.989</a2>
            <a3>59.037</a3>
            <a4>58.3477</a4>
            <a5>57.2903</a5>
            <a6>55.1033</a6>
            <a7>53.6017</a7>
            <a8>51.4962</a8>
            <a9>51.8421</a9>
            <a10>43.8853</a10>
        </amplitude>
        <phase>
            <p0>7.65771</p0>
            <p1>7.78702</p1>
            <p2>7.67621</p2>
            <p3>8.30749</p3>
            <p4>8.91984</p4>
            <p5>10.3973</p5>
            <p6>11.3626</p6>
            <p7>14.2373</p7>
            <p8>18.4349</p8>
            <p9>32.5807</p9>
            <p10>39.5031</p10>
        </phase>
        <amplitude_rms>
            <ar0>0</ar0>
            <ar1>0</ar1>
            <ar2>0</ar2>
            <ar3>0</ar3>
            <ar4>0</ar4>
            <ar5>0</ar5>
            <ar6>0</ar6>
            <ar7>0</ar7>
            <ar8>0</ar8>
            <ar9>0</ar9>
            <ar10>0</ar10>
        </amplitude_rms>
        <phase_rms>
            <pr0>0</pr0>
            <pr1>0</pr1>
            <pr2>0</pr2>
            <pr3>0</pr3>
            <pr4>0</pr4>
            <pr5>0</pr5>
            <pr6>0</pr6>
            <pr7>0</pr7>
            <pr8>0</pr8>
            <pr9>0</pr9>
            <pr10>0</pr10>
        </phase_rms>
        <additional1></additional1>
        <additional2></additional2>
    </D2022-03-16_T13-29-47>
    <D2022-03-16_T13-30-22>
        <datetime>2022-03-16T13:30:22</datetime>
        <serialnumber>n698</serialnumber>
        <TS>48622</TS>
        <frequency>
            <f0>976.563</f0>
            <f1>1953.13</f1>
            <f2>3906.25</f2>
            <f3>7812.5</f3>
            <f4>15625</f4>
            <f5>31250</f5>
            <f6>62500</f6>
            <f7>125000</f7>
            <f8>250000</f8>
            <f9>500000</f9>
            <f10>1e+06</f10>
        </frequency>
        <amplitude>
            <a0>61.5263</a0>
            <a1>61.0483</a1>
            <a2>60.0975</a2>
            <a3>58.7812</a3>
            <a4>57.7208</a4>
            <a5>56.3911</a5>
            <a6>55.1548</a6>
            <a7>53.2258</a7>
            <a8>51.4962</a8>
            <a9>51.2673</a9>
            <a10>43.5214</a10>
        </amplitude>
        <phase>
            <p0>7.4833</p0>
            <p1>7.78702</p1>
            <p2>8.40891</p2>
            <p3>8.34389</p3>
            <p4>8.23896</p4>
            <p5>9.76456</p5>
            <p6>11.6259</p6>
            <p7>13.7663</p7>
            <p8>18.4349</p8>
            <p9>32.6484</p9>
            <p10>39.457</p10>
        </phase>
        <amplitude_rms>
            <ar0>0</ar0>
            <ar1>0</ar1>
            <ar2>0</ar2>
            <ar3>0</ar3>
            <ar4>0</ar4>
            <ar5>0</ar5>
            <ar6>0</ar6>
            <ar7>0</ar7>
            <ar8>0</ar8>
            <ar9>0</ar9>
            <ar10>0</ar10>
        </amplitude_rms>
        <phase_rms>
            <pr0>0</pr0>
            <pr1>0</pr1>
            <pr2>0</pr2>
            <pr3>0</pr3>
            <pr4>0</pr4>
            <pr5>0</pr5>
            <pr6>0</pr6>
            <pr7>0</pr7>
            <pr8>0</pr8>
            <pr9>0</pr9>
            <pr10>0</pr10>
        </phase_rms>
        <additional1></additional1>
        <additional2></additional2>
    </D2022-03-16_T13-30-22>
    <D2022-03-16_T13-30-53>
        <datetime>2022-03-16T13:30:53</datetime>
        <serialnumber>n698</serialnumber>
        <TS>48653</TS>
        <frequency>
            <f0>976.563</f0>
            <f1>1953.13</f1>
            <f2>3906.25</f2>
            <f3>7812.5</f3>
            <f4>15625</f4>
            <f5>31250</f5>
            <f6>62500</f6>
            <f7>125000</f7>
            <f8>250000</f8>
            <f9>500000</f9>
            <f10>1e+06</f10>
        </frequency>
        <amplitude>
            <a0>62.0729</a0>
            <a1>61.6321</a1>
            <a2>59.989</a2>
            <a3>58.9645</a3>
            <a4>57.7971</a4>
            <a5>56.9446</a5>
            <a6>55.2577</a6>
            <a7>53.5387</a7>
            <a8>51.415</a8>
            <a9>51.4851</a9>
            <a10>43.5583</a10>
        </amplitude>
        <phase>
            <p0>7.65771</p0>
            <p1>8.19807</p1>
            <p2>7.67621</p2>
            <p3>7.81041</p3>
            <p4>8.74616</p4>
            <p5>9.93265</p5>
            <p6>10.7843</p6>
            <p7>13.9692</p7>
            <p8>18.1617</p8>
            <p9>32.4933</p9>
            <p10>38.9784</p10>
        </phase>
        <amplitude_rms>
            <ar0>0</ar0>
            <ar1>0</ar1>
            <ar2>0</ar2>
            <ar3>0</ar3>
            <ar4>0</ar4>
            <ar5>0</ar5>
            <ar6>0</ar6>
            <ar7>0</ar7>
            <ar8>0</ar8>
            <ar9>0</ar9>
            <ar10>0</ar10>
        </amplitude_rms>
        <phase_rms>
            <pr0>0</pr0>
            <pr1>0</pr1>
            <pr2>0</pr2>
            <pr3>0</pr3>
            <pr4>0</pr4>
            <pr5>0</pr5>
            <pr6>0</pr6>
            <pr7>0</pr7>
            <pr8>0</pr8>
            <pr9>0</pr9>
            <pr10>0</pr10>
        </phase_rms>
        <additional1></additional1>
        <additional2></additional2>
    </D2022-03-16_T13-30-53>
    <D2022-03-16_T13-31-22>
        <datetime>2022-03-16T13:31:22</datetime>
        <serialnumber>n698</serialnumber>
        <TS>48682</TS>
        <frequency>
            <f0>976.563</f0>
            <f1>1953.13</f1>
            <f2>3906.25</f2>
            <f3>7812.5</f3>
            <f4>15625</f4>
            <f5>31250</f5>
            <f6>62500</f6>
            <f7>125000</f7>
            <f8>250000</f8>
            <f9>500000</f9>
            <f10>1e+06</f10>
        </frequency>
        <amplitude>
            <a0>61.7826</a0>
            <a1>60.4351</a1>
            <a2>59.7328</a2>
            <a3>58.4523</a3>
            <a4>57.5417</a4>
            <a5>56.6901</a5>
            <a6>55.0529</a6>
            <a7>53.2879</a7>
            <a8>51.251</a8>
            <a9>51.7647</a9>
            <a10>43.3576</a10>
        </amplitude>
        <phase>
            <p0>7.45208</p0>
            <p1>7.12502</p1>
            <p2>7.70933</p2>
            <p3>7.87928</p3>
            <p4>8.7853</p4>
            <p5>9.97771</p5>
            <p6>11.0989</p6>
            <p7>14.0362</p7>
            <p8>18.5263</p8>
            <p9>32.9759</p9>
            <p10>39.1933</p10>
        </phase>
        <amplitude_rms>
            <ar0>0</ar0>
            <ar1>0</ar1>
            <ar2>0</ar2>
            <ar3>0</ar3>
            <ar4>0</ar4>
            <ar5>0</ar5>
            <ar6>0</ar6>
            <ar7>0</ar7>
            <ar8>0</ar8>
            <ar9>0</ar9>
            <ar10>0</ar10>
        </amplitude_rms>
        <phase_rms>
            <pr0>0</pr0>
            <pr1>0</pr1>
            <pr2>0</pr2>
            <pr3>0</pr3>
            <pr4>0</pr4>
            <pr5>0</pr5>
            <pr6>0</pr6>
            <pr7>0</pr7>
            <pr8>0</pr8>
            <pr9>0</pr9>
            <pr10>0</pr10>
        </phase_rms>
        <additional1></additional1>
        <additional2></additional2>
    </D2022-03-16_T13-31-22>
    <D2022-03-16_T13-32-13>
        <datetime>2022-03-16T13:32:13</datetime>
        <serialnumber>n698</serialnumber>
        <TS>48733</TS>
        <frequency>
            <f0>976.563</f0>
            <f1>1953.13</f1>
            <f2>3906.25</f2>
            <f3>7812.5</f3>
            <f4>15625</f4>
            <f5>31250</f5>
            <f6>62500</f6>
            <f7>125000</f7>
            <f8>250000</f8>
            <f9>500000</f9>
            <f10>1e+06</f10>
        </frequency>
        <amplitude>
            <a0>61.7496</a0>
            <a1>60.6916</a1>
            <a2>59.955</a2>
            <a3>58.7084</a3>
            <a4>57.837</a4>
            <a5>56.6458</a5>
            <a6>55.3567</a6>
            <a7>53.4769</a7>
            <a8>51.415</a8>
            <a9>51.4851</a9>
            <a10>43.5583</a10>
        </amplitude>
        <phase>
            <p0>7.21426</p0>
            <p1>7.09475</p1>
            <p2>7.43141</p2>
            <p3>7.8447</p3>
            <p4>8.99925</p4>
            <p5>9.72022</p5>
            <p6>11.3099</p6>
            <p7>13.7004</p7>
            <p8>18.1617</p8>
            <p9>32.4933</p9>
            <p10>38.9784</p10>
        </phase>
        <amplitude_rms>
            <ar0>0</ar0>
            <ar1>0</ar1>
            <ar2>0</ar2>
            <ar3>0</ar3>
            <ar4>0</ar4>
            <ar5>0</ar5>
            <ar6>0</ar6>
            <ar7>0</ar7>
            <ar8>0</ar8>
            <ar9>0</ar9>
            <ar10>0</ar10>
        </amplitude_rms>
        <phase_rms>
            <pr0>0</pr0>
            <pr1>0</pr1>
            <pr2>0</pr2>
            <pr3>0</pr3>
            <pr4>0</pr4>
            <pr5>0</pr5>
            <pr6>0</pr6>
            <pr7>0</pr7>
            <pr8>0</pr8>
            <pr9>0</pr9>
            <pr10>0</pr10>
        </phase_rms>
        <additional1></additional1>
        <additional2></additional2>
    </D2022-03-16_T13-32-13>
    <D2022-03-16_T13-33-08>
        <datetime>2022-03-16T13:33:08</datetime>
        <serialnumber>n698</serialnumber>
        <TS>48788</TS>
        <frequency>
            <f0>976.563</f0>
            <f1>1953.13</f1>
            <f2>3906.25</f2>
            <f3>7812.5</f3>
            <f4>15625</f4>
            <f5>31250</f5>
            <f6>62500</f6>
            <f7>125000</f7>
            <f8>250000</f8>
            <f9>500000</f9>
            <f10>1e+06</f10>
        </frequency>
        <amplitude>
            <a0>60.9804</a0>
            <a1>60.4677</a1>
            <a2>59.4424</a2>
            <a3>58.7812</a3>
            <a4>57.5417</a4>
            <a5>56.1364</a5>
            <a6>54.7993</a6>
            <a7>52.9748</a7>
            <a8>50.5976</a8>
            <a9>50.9103</a9>
            <a10>43.0747</a10>
        </amplitude>
        <phase>
            <p0>7.30576</p0>
            <p1>7.36805</p1>
            <p2>7.49586</p2>
            <p3>8.34389</p3>
            <p4>8.7853</p4>
            <p5>9.8093</p5>
            <p6>11.1509</p6>
            <p7>13.8328</p7>
            <p8>18.1573</p8>
            <p9>32.5604</p9>
            <p10>38.1765</p10>
        </phase>
        <amplitude_rms>
            <ar0>0</ar0>
            <ar1>0</ar1>
            <ar2>0</ar2>
            <ar3>0</ar3>
            <ar4>0</ar4>
            <ar5>0</ar5>
            <ar6>0</ar6>
            <ar7>0</ar7>
            <ar8>0</ar8>
            <ar9>0</ar9>
            <ar10>0</ar10>
        </amplitude_rms>
        <phase_rms>
            <pr0>0</pr0>
            <pr1>0</pr1>
            <pr2>0</pr2>
            <pr3>0</pr3>
            <pr4>0</pr4>
            <pr5>0</pr5>
            <pr6>0</pr6>
            <pr7>0</pr7>
            <pr8>0</pr8>
            <pr9>0</pr9>
            <pr10>0</pr10>
        </phase_rms>
        <additional1></additional1>
        <additional2></additional2>
    </D2022-03-16_T13-33-08>
    <D2022-03-16_T13-33-59>
        <datetime>2022-03-16T13:33:59</datetime>
        <serialnumber>n698</serialnumber>
        <TS>48839</TS>
        <frequency>
            <f0>976.563</f0>
            <f1>1953.13</f1>
            <f2>3906.25</f2>
            <f3>7812.5</f3>
            <f4>15625</f4>
            <f5>31250</f5>
            <f6>62500</f6>
            <f7>125000</f7>
            <f8>250000</f8>
            <f9>500000</f9>
            <f10>1e+06</f10>
        </frequency>
        <amplitude>
            <a0>60.4036</a0>
            <a1>60.4677</a1>
            <a2>59.7328</a2>
            <a3>58.2697</a3>
            <a4>57.3265</a4>
            <a5>56.0929</a5>
            <a6>54.5457</a6>
            <a7>52.9748</a7>
            <a8>51.1695</a8>
            <a9>50.6926</a9>
            <a10>42.8718</a10>
        </amplitude>
        <phase>
            <p0>6.88172</p0>
            <p1>7.36805</p1>
            <p2>7.70933</p2>
            <p3>8.41766</p3>
            <p4>9.08007</p4>
            <p5>9.54913</p5>
            <p6>11.2034</p6>
            <p7>13.8328</p7>
            <p8>18.2519</p8>
            <p9>32.7177</p9>
            <p10>38.3901</p10>
        </phase>
        <amplitude_rms>
            <ar0>0</ar0>
            <ar1>0</ar1>
            <ar2>0</ar2>
            <ar3>0</ar3>
            <ar4>0</ar4>
            <ar5>0</ar5>
            <ar6>0</ar6>
            <ar7>0</ar7>
            <ar8>0</ar8>
            <ar9>0</ar9>
            <ar10>0</ar10>
        </amplitude_rms>
        <phase_rms>
            <pr0>0</pr0>
            <pr1>0</pr1>
            <pr2>0</pr2>
            <pr3>0</pr3>
            <pr4>0</pr4>
            <pr5>0</pr5>
            <pr6>0</pr6>
            <pr7>0</pr7>
            <pr8>0</pr8>
            <pr9>0</pr9>
            <pr10>0</pr10>
        </phase_rms>
        <additional1></additional1>
        <additional2></additional2>
    </D2022-03-16_T13-33-59>
    <D2022-03-16_T13-34-49>
        <datetime>2022-03-16T13:34:49</datetime>
        <serialnumber>n698</serialnumber>
        <TS>48889</TS>
        <frequency>
            <f0>976.563</f0>
            <f1>1953.13</f1>
            <f2>3906.25</f2>
            <f3>7812.5</f3>
            <f4>15625</f4>
            <f5>31250</f5>
            <f6>62500</f6>
            <f7>125000</f7>
            <f8>250000</f8>
            <f9>500000</f9>
            <f10>1e+06</f10>
        </frequency>
        <amplitude>
            <a0>60.9804</a0>
            <a1>60.5361</a1>
            <a2>58.9299</a2>
            <a3>58.2325</a3>
            <a4>57.0308</a4>
            <a5>55.8817</a5>
            <a6>54.8499</a6>
            <a7>52.7238</a7>
            <a8>50.9241</a8>
            <a9>51.8395</a9>
            <a10>42.6303</a10>
        </amplitude>
        <phase>
            <p0>7.30576</p0>
            <p1>7.85331</p1>
            <p2>7.56143</p2>
            <p3>8.16607</p3>
            <p4>8.86462</p4>
            <p5>9.85445</p5>
            <p6>11.4158</p6>
            <p7>13.9</p7>
            <p8>18.343</p8>
            <p9>34.6409</p9>
            <p10>39.0939</p10>
        </phase>
        <amplitude_rms>
            <ar0>0</ar0>
            <ar1>0</ar1>
            <ar2>0</ar2>
            <ar3>0</ar3>
            <ar4>0</ar4>
            <ar5>0</ar5>
            <ar6>0</ar6>
            <ar7>0</ar7>
            <ar8>0</ar8>
            <ar9>0</ar9>
            <ar10>0</ar10>
        </amplitude_rms>
        <phase_rms>
            <pr0>0</pr0>
            <pr1>0</pr1>
            <pr2>0</pr2>
            <pr3>0</pr3>
            <pr4>0</pr4>
            <pr5>0</pr5>
            <pr6>0</pr6>
            <pr7>0</pr7>
            <pr8>0</pr8>
            <pr9>0</pr9>
            <pr10>0</pr10>
        </phase_rms>
        <additional1></additional1>
        <additional2></additional2>
    </D2022-03-16_T13-34-49>
    <D2022-03-16_T13-35-22>
        <datetime>2022-03-16T13:35:22</datetime>
        <serialnumber>n698</serialnumber>
        <TS>48922</TS>
        <frequency>
            <f0>976.563</f0>
            <f1>1953.13</f1>
            <f2>3906.25</f2>
            <f3>7812.5</f3>
            <f4>15625</f4>
            <f5>31250</f5>
            <f6>62500</f6>
            <f7>125000</f7>
            <f8>250000</f8>
            <f9>500000</f9>
            <f10>1e+06</f10>
        </frequency>
        <amplitude>
            <a0>60.1469</a0>
            <a1>59.7328</a1>
            <a2>58.9299</a2>
            <a3>58.5255</a3>
            <a4>57.0308</a4>
            <a5>55.5405</a5>
            <a6>54.5965</a6>
            <a7>52.7238</a7>
            <a8>50.7611</a8>
            <a9>52.5277</a9>
            <a10>42.2304</a10>
        </amplitude>
        <phase>
            <p0>6.91123</p0>
            <p1>7.70933</p1>
            <p2>7.56143</p2>
            <p3>8.38061</p3>
            <p4>8.86462</p4>
            <p5>9.37465</p5>
            <p6>11.4695</p6>
            <p7>13.9</p7>
            <p8>18.7117</p8>
            <p9>36.1932</p9>
            <p10>39.5362</p10>
        </phase>
        <amplitude_rms>
            <ar0>0</ar0>
            <ar1>0</ar1>
            <ar2>0</ar2>
            <ar3>0</ar3>
            <ar4>0</ar4>
            <ar5>0</ar5>
            <ar6>0</ar6>
            <ar7>0</ar7>
            <ar8>0</ar8>
            <ar9>0</ar9>
            <ar10>0</ar10>
        </amplitude_rms>
        <phase_rms>
            <pr0>0</pr0>
            <pr1>0</pr1>
            <pr2>0</pr2>
            <pr3>0</pr3>
            <pr4>0</pr4>
            <pr5>0</pr5>
            <pr6>0</pr6>
            <pr7>0</pr7>
            <pr8>0</pr8>
            <pr9>0</pr9>
            <pr10>0</pr10>
        </phase_rms>
        <additional1></additional1>
        <additional2></additional2>
    </D2022-03-16_T13-35-22>
    <D2022-03-16_T13-36-03>
        <datetime>2022-03-16T13:36:03</datetime>
        <serialnumber>n698</serialnumber>
        <TS>48963</TS>
        <frequency>
            <f0>976.563</f0>
            <f1>1953.13</f1>
            <f2>3906.25</f2>
            <f3>7812.5</f3>
            <f4>15625</f4>
            <f5>31250</f5>
            <f6>62500</f6>
            <f7>125000</f7>
            <f8>250000</f8>
            <f9>500000</f9>
            <f10>1e+06</f10>
        </frequency>
        <amplitude>
            <a0>60.4677</a0>
            <a1>60.2452</a1>
            <a2>59.2206</a2>
            <a3>58.4883</a3>
            <a4>57.3265</a4>
            <a5>55.8817</a5>
            <a6>54.2423</a6>
            <a7>52.6624</a7>
            <a8>50.9241</a8>
            <a9>51.3318</a9>
            <a10>42.3062</a10>
        </amplitude>
        <phase>
            <p0>7.36805</p0>
            <p1>7.64338</p1>
            <p2>7.77643</p2>
            <p3>8.1301</p3>
            <p4>9.08007</p4>
            <p5>9.85445</p5>
            <p6>10.9887</p6>
            <p7>13.627</p7>
            <p8>18.343</p8>
            <p9>33.29</p9>
            <p10>38.5505</p10>
        </phase>
        <amplitude_rms>
            <ar0>0</ar0>
            <ar1>0</ar1>
            <ar2>0</ar2>
            <ar3>0</ar3>
            <ar4>0</ar4>
            <ar5>0</ar5>
            <ar6>0</ar6>
            <ar7>0</ar7>
            <ar8>0</ar8>
            <ar9>0</ar9>
            <ar10>0</ar10>
        </amplitude_rms>
        <phase_rms>
            <pr0>0</pr0>
            <pr1>0</pr1>
            <pr2>0</pr2>
            <pr3>0</pr3>
            <pr4>0</pr4>
            <pr5>0</pr5>
            <pr6>0</pr6>
            <pr7>0</pr7>
            <pr8>0</pr8>
            <pr9>0</pr9>
            <pr10>0</pr10>
        </phase_rms>
        <additional1></additional1>
        <additional2></additional2>
    </D2022-03-16_T13-36-03>
    <D2022-03-16_T13-36-57>
        <datetime>2022-03-16T13:36:57</datetime>
        <serialnumber>n698</serialnumber>
        <TS>49017</TS>
        <frequency>
            <f0>976.563</f0>
            <f1>1953.13</f1>
            <f2>3906.25</f2>
            <f3>7812.5</f3>
            <f4>15625</f4>
            <f5>31250</f5>
            <f6>62500</f6>
            <f7>125000</f7>
            <f8>250000</f8>
            <f9>500000</f9>
            <f10>1e+06</f10>
        </frequency>
        <amplitude>
            <a0>60.5014</a0>
            <a1>59.989</a1>
            <a2>58.9645</a2>
            <a3>57.6843</a3>
            <a4>57.0712</a4>
            <a5>55.5832</a5>
            <a6>53.9886</a6>
            <a7>52.4112</a7>
            <a8>50.9241</a8>
            <a9>51.1159</a9>
            <a10>42.5087</a10>
        </amplitude>
        <phase>
            <p0>7.61082</p0>
            <p1>7.67621</p1>
            <p2>7.81041</p2>
            <p3>7.98487</p3>
            <p4>9.12103</p4>
            <p5>9.63754</p5>
            <p6>11.0409</p6>
            <p7>13.6936</p7>
            <p8>18.343</p8>
            <p9>33.449</p9>
            <p10>38.3333</p10>
        </phase>
        <amplitude_rms>
            <ar0>0</ar0>
            <ar1>0</ar1>
            <ar2>0</ar2>
            <ar3>0</ar3>
            <ar4>0</ar4>
            <ar5>0</ar5>
            <ar6>0</ar6>
            <ar7>0</ar7>
            <ar8>0</ar8>
            <ar9>0</ar9>
            <ar10>0</ar10>
        </amplitude_rms>
        <phase_rms>
            <pr0>0</pr0>
            <pr1>0</pr1>
            <pr2>0</pr2>
            <pr3>0</pr3>
            <pr4>0</pr4>
            <pr5>0</pr5>
            <pr6>0</pr6>
            <pr7>0</pr7>
            <pr8>0</pr8>
            <pr9>0</pr9>
            <pr10>0</pr10>
        </phase_rms>
        <additional1></additional1>
        <additional2></additional2>
    </D2022-03-16_T13-36-57>
    <D2022-03-16_T13-38-16>
        <datetime>2022-03-16T13:38:16</datetime>
        <serialnumber>n698</serialnumber>
        <TS>49096</TS>
        <frequency>
            <f0>976.563</f0>
            <f1>1953.13</f1>
            <f2>3906.25</f2>
            <f3>7812.5</f3>
            <f4>15625</f4>
            <f5>31250</f5>
            <f6>62500</f6>
            <f7>125000</f7>
            <f8>250000</f8>
            <f9>500000</f9>
            <f10>1e+06</f10>
        </frequency>
        <amplitude>
            <a0>59.989</a0>
            <a1>59.4767</a1>
            <a2>58.6737</a2>
            <a3>57.7584</a3>
            <a4>57.0712</a4>
            <a5>55.2855</a5>
            <a6>53.8368</a6>
            <a7>52.473</a7>
            <a8>50.1886</a8>
            <a9>51.9579</a9>
            <a10>41.2167</a10>
        </amplitude>
        <phase>
            <p0>7.67621</p0>
            <p1>7.74274</p1>
            <p2>7.59464</p2>
            <p3>8.49273</p3>
            <p4>9.12103</p4>
            <p5>9.41828</p5>
            <p6>11.6336</p6>
            <p7>13.9678</p7>
            <p8>18.6216</p8>
            <p9>36.2998</p9>
            <p10>38.3792</p10>
        </phase>
        <amplitude_rms>
            <ar0>0</ar0>
            <ar1>0</ar1>
            <ar2>0</ar2>
            <ar3>0</ar3>
            <ar4>0</ar4>
            <ar5>0</ar5>
            <ar6>0</ar6>
            <ar7>0</ar7>
            <ar8>0</ar8>
            <ar9>0</ar9>
            <ar10>0</ar10>
        </amplitude_rms>
        <phase_rms>
            <pr0>0</pr0>
            <pr1>0</pr1>
            <pr2>0</pr2>
            <pr3>0</pr3>
            <pr4>0</pr4>
            <pr5>0</pr5>
            <pr6>0</pr6>
            <pr7>0</pr7>
            <pr8>0</pr8>
            <pr9>0</pr9>
            <pr10>0</pr10>
        </phase_rms>
        <additional1></additional1>
        <additional2></additional2>
    </D2022-03-16_T13-38-16>
    <D2022-03-16_T13-39-23>
        <datetime>2022-03-16T13:39:23</datetime>
        <serialnumber>n698</serialnumber>
        <TS>49163</TS>
        <frequency>
            <f0>976.563</f0>
            <f1>1953.13</f1>
            <f2>3906.25</f2>
            <f3>7812.5</f3>
            <f4>15625</f4>
            <f5>31250</f5>
            <f6>62500</f6>
            <f7>125000</f7>
            <f8>250000</f8>
            <f9>500000</f9>
            <f10>1e+06</f10>
        </frequency>
        <amplitude>
            <a0>60.5361</a0>
            <a1>59.4767</a1>
            <a2>58.4175</a2>
            <a3>58.0141</a3>
            <a4>56.5201</a4>
            <a5>55.3283</a5>
            <a6>54.09</a6>
            <a7>51.909</a7>
            <a8>50.2717</a8>
            <a9>51.8633</a9>
            <a10>41.4197</a10>
        </amplitude>
        <phase>
            <p0>7.85331</p0>
            <p1>7.74274</p1>
            <p2>7.62815</p2>
            <p3>8.45503</p3>
            <p4>8.94538</p4>
            <p5>9.68235</p5>
            <p6>11.5784</p6>
            <p7>13.8287</p7>
            <p8>18.9008</p8>
            <p9>35.6705</p9>
            <p10>38.1572</p10>
        </phase>
        <amplitude_rms>
            <ar0>0</ar0>
            <ar1>0</ar1>
            <ar2>0</ar2>
            <ar3>0</ar3>
            <ar4>0</ar4>
            <ar5>0</ar5>
            <ar6>0</ar6>
            <ar7>0</ar7>
            <ar8>0</ar8>
            <ar9>0</ar9>
            <ar10>0</ar10>
        </amplitude_rms>
        <phase_rms>
            <pr0>0</pr0>
            <pr1>0</pr1>
            <pr2>0</pr2>
            <pr3>0</pr3>
            <pr4>0</pr4>
            <pr5>0</pr5>
            <pr6>0</pr6>
            <pr7>0</pr7>
            <pr8>0</pr8>
            <pr9>0</pr9>
            <pr10>0</pr10>
        </phase_rms>
        <additional1></additional1>
        <additional2></additional2>
    </D2022-03-16_T13-39-23>
    <D2022-03-16_T13-40-18>
        <datetime>2022-03-16T13:40:18</datetime>
        <serialnumber>n698</serialnumber>
        <TS>49218</TS>
        <frequency>
            <f0>976.563</f0>
            <f1>1953.13</f1>
            <f2>3906.25</f2>
            <f3>7812.5</f3>
            <f4>15625</f4>
            <f5>31250</f5>
            <f6>62500</f6>
            <f7>125000</f7>
            <f8>250000</f8>
            <f9>500000</f9>
            <f10>1e+06</f10>
        </frequency>
        <amplitude>
            <a0>59.6987</a0>
            <a1>59.4424</a1>
            <a2>58.1963</a2>
            <a3>57.465</a3>
            <a4>55.9695</a4>
            <a5>54.7755</a5>
            <a6>53.5319</a6>
            <a7>51.9714</a7>
            <a8>49.9437</a8>
            <a9>51.8053</a9>
            <a10>40.8978</a10>
        </amplitude>
        <phase>
            <p0>7.46349</p0>
            <p1>7.49586</p1>
            <p2>7.91416</p2>
            <p3>8.27589</p3>
            <p4>8.76628</p4>
            <p5>9.50677</p5>
            <p6>11.4184</p6>
            <p7>14.1054</p7>
            <p8>18.7163</p8>
            <p9>36.0694</p9>
            <p10>37.8115</p10>
        </phase>
        <amplitude_rms>
            <ar0>0</ar0>
            <ar1>0</ar1>
            <ar2>0</ar2>
            <ar3>0</ar3>
            <ar4>0</ar4>
            <ar5>0</ar5>
            <ar6>0</ar6>
            <ar7>0</ar7>
            <ar8>0</ar8>
            <ar9>0</ar9>
            <ar10>0</ar10>
        </amplitude_rms>
        <phase_rms>
            <pr0>0</pr0>
            <pr1>0</pr1>
            <pr2>0</pr2>
            <pr3>0</pr3>
            <pr4>0</pr4>
            <pr5>0</pr5>
            <pr6>0</pr6>
            <pr7>0</pr7>
            <pr8>0</pr8>
            <pr9>0</pr9>
            <pr10>0</pr10>
        </phase_rms>
        <additional1></additional1>
        <additional2></additional2>
    </D2022-03-16_T13-40-18>
    <D2022-03-16_T13-41-19>
        <datetime>2022-03-16T13:41:19</datetime>
        <serialnumber>n698</serialnumber>
        <TS>49279</TS>
        <frequency>
            <f0>976.563</f0>
            <f1>1953.13</f1>
            <f2>3906.25</f2>
            <f3>7812.5</f3>
            <f4>15625</f4>
            <f5>31250</f5>
            <f6>62500</f6>
            <f7>125000</f7>
            <f8>250000</f8>
            <f9>500000</f9>
            <f10>1e+06</f10>
        </frequency>
        <amplitude>
            <a0>59.4424</a0>
            <a1>59.2206</a1>
            <a2>58.2325</a2>
            <a3>57.2092</a3>
            <a4>56.0095</a4>
            <a5>54.8188</a5>
            <a6>53.8368</a6>
            <a7>51.5966</a7>
            <a8>49.8614</a8>
            <a9>51.0832</a9>
            <a10>40.8978</a10>
        </amplitude>
        <phase>
            <p0>7.49586</p0>
            <p1>7.77643</p1>
            <p2>8.16607</p2>
            <p3>8.31316</p3>
            <p4>9.02761</p4>
            <p5>9.77323</p5>
            <p6>11.6336</p6>
            <p7>13.6185</p7>
            <p8>18.4349</p8>
            <p9>35.9421</p9>
            <p10>37.8115</p10>
        </phase>
        <amplitude_rms>
            <ar0>0</ar0>
            <ar1>0</ar1>
            <ar2>0</ar2>
            <ar3>0</ar3>
            <ar4>0</ar4>
            <ar5>0</ar5>
            <ar6>0</ar6>
            <ar7>0</ar7>
            <ar8>0</ar8>
            <ar9>0</ar9>
            <ar10>0</ar10>
        </amplitude_rms>
        <phase_rms>
            <pr0>0</pr0>
            <pr1>0</pr1>
            <pr2>0</pr2>
            <pr3>0</pr3>
            <pr4>0</pr4>
            <pr5>0</pr5>
            <pr6>0</pr6>
            <pr7>0</pr7>
            <pr8>0</pr8>
            <pr9>0</pr9>
            <pr10>0</pr10>
        </phase_rms>
        <additional1></additional1>
        <additional2></additional2>
    </D2022-03-16_T13-41-19>
    <D2022-03-16_T13-42-37>
        <datetime>2022-03-16T13:42:37</datetime>
        <serialnumber>n698</serialnumber>
        <TS>49357</TS>
        <frequency>
            <f0>976.563</f0>
            <f1>1953.13</f1>
            <f2>3906.25</f2>
            <f3>7812.5</f3>
            <f4>15625</f4>
            <f5>31250</f5>
            <f6>62500</f6>
            <f7>125000</f7>
            <f8>250000</f8>
            <f9>500000</f9>
            <f10>1e+06</f10>
        </frequency>
        <amplitude>
            <a0>59.7328</a0>
            <a1>58.0946</a1>
            <a2>57.6843</a2>
            <a3>56.9534</a3>
            <a4>55.714</a4>
            <a5>54.5206</a5>
            <a6>53.5319</a6>
            <a7>51.6581</a7>
            <a8>49.6162</a8>
            <a9>51.4442</a9>
            <a10>40.7398</a10>
        </amplitude>
        <phase>
            <p0>7.70933</p0>
            <p1>7.15664</p1>
            <p2>7.98487</p2>
            <p3>8.35075</p3>
            <p4>8.80679</p4>
            <p5>9.55164</p5>
            <p6>11.4184</p6>
            <p7>13.8972</p7>
            <p8>18.5293</p8>
            <p9>36.0062</p9>
            <p10>37.5243</p10>
        </phase>
        <amplitude_rms>
            <ar0>0</ar0>
            <ar1>0</ar1>
            <ar2>0</ar2>
            <ar3>0</ar3>
            <ar4>0</ar4>
            <ar5>0</ar5>
            <ar6>0</ar6>
            <ar7>0</ar7>
            <ar8>0</ar8>
            <ar9>0</ar9>
            <ar10>0</ar10>
        </amplitude_rms>
        <phase_rms>
            <pr0>0</pr0>
            <pr1>0</pr1>
            <pr2>0</pr2>
            <pr3>0</pr3>
            <pr4>0</pr4>
            <pr5>0</pr5>
            <pr6>0</pr6>
            <pr7>0</pr7>
            <pr8>0</pr8>
            <pr9>0</pr9>
            <pr10>0</pr10>
        </phase_rms>
        <additional1></additional1>
        <additional2></additional2>
    </D2022-03-16_T13-42-37>
    <D2022-03-16_T13-43-33>
        <datetime>2022-03-16T13:43:33</datetime>
        <serialnumber>n698</serialnumber>
        <TS>49413</TS>
        <frequency>
            <f0>976.563</f0>
            <f1>1953.13</f1>
            <f2>3906.25</f2>
            <f3>7812.5</f3>
            <f4>15625</f4>
            <f5>31250</f5>
            <f6>62500</f6>
            <f7>125000</f7>
            <f8>250000</f8>
            <f9>500000</f9>
            <f10>1e+06</f10>
        </frequency>
        <amplitude>
            <a0>59.4767</a0>
            <a1>58.9645</a1>
            <a2>57.6148</a2>
            <a3>56.6606</a3>
            <a4>55.4194</a4>
            <a5>54.5206</a5>
            <a6>53.5319</a6>
            <a7>51.909</a7>
            <a8>49.9437</a8>
            <a9>51.3884</a9>
            <a10>40.1184</a10>
        </amplitude>
        <phase>
            <p0>7.74274</p0>
            <p1>7.81041</p1>
            <p2>7.47574</p2>
            <p3>8.1301</p3>
            <p4>8.58362</p4>
            <p5>9.55164</p5>
            <p6>11.4184</p6>
            <p7>13.8287</p7>
            <p8>18.7163</p8>
            <p9>36.4088</p9>
            <p10>36.3531</p10>
        </phase>
        <amplitude_rms>
            <ar0>0</ar0>
            <ar1>0</ar1>
            <ar2>0</ar2>
            <ar3>0</ar3>
            <ar4>0</ar4>
            <ar5>0</ar5>
            <ar6>0</ar6>
            <ar7>0</ar7>
            <ar8>0</ar8>
            <ar9>0</ar9>
            <ar10>0</ar10>
        </amplitude_rms>
        <phase_rms>
            <pr0>0</pr0>
            <pr1>0</pr1>
            <pr2>0</pr2>
            <pr3>0</pr3>
            <pr4>0</pr4>
            <pr5>0</pr5>
            <pr6>0</pr6>
            <pr7>0</pr7>
            <pr8>0</pr8>
            <pr9>0</pr9>
            <pr10>0</pr10>
        </phase_rms>
        <additional1></additional1>
        <additional2></additional2>
    </D2022-03-16_T13-43-33>
    <D2022-03-16_T13-45-37>
        <datetime>2022-03-16T13:45:37</datetime>
        <serialnumber>n698</serialnumber>
        <TS>49537</TS>
        <frequency>
            <f0>976.563</f0>
            <f1>1953.13</f1>
            <f2>3906.25</f2>
            <f3>7812.5</f3>
            <f4>15625</f4>
            <f5>31250</f5>
            <f6>62500</f6>
            <f7>125000</f7>
            <f8>250000</f8>
            <f9>500000</f9>
            <f10>1e+06</f10>
        </frequency>
        <amplitude>
            <a0>59.2561</a0>
            <a1>58.4175</a1>
            <a2>57.3929</a2>
            <a3>56.6977</a3>
            <a4>55.4586</a4>
            <a5>54.2232</a5>
            <a6>52.9742</a6>
            <a7>51.4072</a7>
            <a8>49.044</a8>
            <a9>51.6969</a9>
            <a10>39.4534</a10>
        </amplitude>
        <phase>
            <p0>8.02406</p0>
            <p1>7.62815</p1>
            <p2>7.76517</p2>
            <p3>8.38869</p3>
            <p4>8.84768</p4>
            <p5>9.32761</p5>
            <p6>11.2551</p6>
            <p7>13.9664</p7>
            <p8>18.4349</p8>
            <p9>36.8699</p9>
            <p10>35.6686</p10>
        </phase>
        <amplitude_rms>
            <ar0>0</ar0>
            <ar1>0</ar1>
            <ar2>0</ar2>
            <ar3>0</ar3>
            <ar4>0</ar4>
            <ar5>0</ar5>
            <ar6>0</ar6>
            <ar7>0</ar7>
            <ar8>0</ar8>
            <ar9>0</ar9>
            <ar10>0</ar10>
        </amplitude_rms>
        <phase_rms>
            <pr0>0</pr0>
            <pr1>0</pr1>
            <pr2>0</pr2>
            <pr3>0</pr3>
            <pr4>0</pr4>
            <pr5>0</pr5>
            <pr6>0</pr6>
            <pr7>0</pr7>
            <pr8>0</pr8>
            <pr9>0</pr9>
            <pr10>0</pr10>
        </phase_rms>
        <additional1></additional1>
        <additional2></additional2>
    </D2022-03-16_T13-45-37>
    <D2022-03-16_T13-48-23>
        <datetime>2022-03-16T13:48:23</datetime>
        <serialnumber>n698</serialnumber>
        <TS>49703</TS>
        <frequency>
            <f0>976.563</f0>
            <f1>1953.13</f1>
            <f2>3906.25</f2>
            <f3>7812.5</f3>
            <f4>15625</f4>
            <f5>31250</f5>
            <f6>62500</f6>
            <f7>125000</f7>
            <f8>250000</f8>
            <f9>500000</f9>
            <f10>1e+06</f10>
        </frequency>
        <amplitude>
            <a0>58.4175</a0>
            <a1>57.9051</a1>
            <a2>57.4283</a2>
            <a3>56.1489</a3>
            <a4>54.9478</a4>
            <a5>53.7561</a5>
            <a6>53.0252</a6>
            <a7>50.8433</a7>
            <a8>49.044</a8>
            <a9>50.513</a9>
            <a10>40.427</a10>
        </amplitude>
        <phase>
            <p0>7.62815</p0>
            <p1>7.69605</p1>
            <p2>8.02069</p2>
            <p3>8.20471</p3>
            <p4>8.93059</p4>
            <p5>9.68879</p5>
            <p6>11.529</p6>
            <p7>13.8243</p7>
            <p8>18.4349</p8>
            <p9>36.0489</p9>
            <p10>36.9432</p10>
        </phase>
        <amplitude_rms>
            <ar0>0</ar0>
            <ar1>0</ar1>
            <ar2>0</ar2>
            <ar3>0</ar3>
            <ar4>0</ar4>
            <ar5>0</ar5>
            <ar6>0</ar6>
            <ar7>0</ar7>
            <ar8>0</ar8>
            <ar9>0</ar9>
            <ar10>0</ar10>
        </amplitude_rms>
        <phase_rms>
            <pr0>0</pr0>
            <pr1>0</pr1>
            <pr2>0</pr2>
            <pr3>0</pr3>
            <pr4>0</pr4>
            <pr5>0</pr5>
            <pr6>0</pr6>
            <pr7>0</pr7>
            <pr8>0</pr8>
            <pr9>0</pr9>
            <pr10>0</pr10>
        </phase_rms>
        <additional1></additional1>
        <additional2></additional2>
    </D2022-03-16_T13-48-23>
    <D2022-03-16_T13-49-53>
        <datetime>2022-03-16T13:49:53</datetime>
        <serialnumber>n698</serialnumber>
        <TS>49793</TS>
        <frequency>
            <f0>976.563</f0>
            <f1>1953.13</f1>
            <f2>3906.25</f2>
            <f3>7812.5</f3>
            <f4>15625</f4>
            <f5>31250</f5>
            <f6>62500</f6>
            <f7>125000</f7>
            <f8>250000</f8>
            <f9>500000</f9>
            <f10>1e+06</f10>
        </frequency>
        <amplitude>
            <a0>58.7442</a0>
            <a1>57.9403</a1>
            <a2>56.9165</a2>
            <a3>55.9307</a3>
            <a4>54.6528</a4>
            <a5>53.2032</a5>
            <a6>52.2138</a6>
            <a7>50.5309</a7>
            <a8>48.7173</a8>
            <a9>51.0269</a9>
            <a10>39.7032</a10>
        </amplitude>
        <phase>
            <p0>8.09445</p0>
            <p1>7.94936</p1>
            <p2>8.0933</p2>
            <p3>8.50458</p3>
            <p4>8.70496</p4>
            <p5>9.50809</p5>
            <p6>11.4212</p6>
            <p7>13.6097</p7>
            <p8>18.2427</p8>
            <p9>36.3475</p9>
            <p10>36.7953</p10>
        </phase>
        <amplitude_rms>
            <ar0>0</ar0>
            <ar1>0</ar1>
            <ar2>0</ar2>
            <ar3>0</ar3>
            <ar4>0</ar4>
            <ar5>0</ar5>
            <ar6>0</ar6>
            <ar7>0</ar7>
            <ar8>0</ar8>
            <ar9>0</ar9>
            <ar10>0</ar10>
        </amplitude_rms>
        <phase_rms>
            <pr0>0</pr0>
            <pr1>0</pr1>
            <pr2>0</pr2>
            <pr3>0</pr3>
            <pr4>0</pr4>
            <pr5>0</pr5>
            <pr6>0</pr6>
            <pr7>0</pr7>
            <pr8>0</pr8>
            <pr9>0</pr9>
            <pr10>0</pr10>
        </phase_rms>
        <additional1></additional1>
        <additional2></additional2>
    </D2022-03-16_T13-49-53>
    <D2022-03-16_T13-51-10>
        <datetime>2022-03-16T13:51:10</datetime>
        <serialnumber>n698</serialnumber>
        <TS>49870</TS>
        <frequency>
            <f0>976.563</f0>
            <f1>1953.13</f1>
            <f2>3906.25</f2>
            <f3>7812.5</f3>
            <f4>15625</f4>
            <f5>31250</f5>
            <f6>62500</f6>
            <f7>125000</f7>
            <f8>250000</f8>
            <f9>500000</f9>
            <f10>1e+06</f10>
        </frequency>
        <amplitude>
            <a0>58.4883</a0>
            <a1>57.6843</a1>
            <a2>56.6246</a2>
            <a3>55.9307</a3>
            <a4>54.3973</a4>
            <a5>53.2032</a5>
            <a6>52.4169</a6>
            <a7>51.0335</a7>
            <a8>48.7173</a8>
            <a9>50.6656</a9>
            <a10>39.4966</a10>
        </amplitude>
        <phase>
            <p0>8.1301</p0>
            <p1>7.98487</p1>
            <p2>7.87118</p2>
            <p3>8.50458</p3>
            <p4>8.74616</p4>
            <p5>9.50809</p5>
            <p6>11.0883</p6>
            <p7>13.4732</p7>
            <p8>18.2427</p8>
            <p9>36.2853</p9>
            <p10>37.0199</p10>
        </phase>
        <amplitude_rms>
            <ar0>0</ar0>
            <ar1>0</ar1>
            <ar2>0</ar2>
            <ar3>0</ar3>
            <ar4>0</ar4>
            <ar5>0</ar5>
            <ar6>0</ar6>
            <ar7>0</ar7>
            <ar8>0</ar8>
            <ar9>0</ar9>
            <ar10>0</ar10>
        </amplitude_rms>
        <phase_rms>
            <pr0>0</pr0>
            <pr1>0</pr1>
            <pr2>0</pr2>
            <pr3>0</pr3>
            <pr4>0</pr4>
            <pr5>0</pr5>
            <pr6>0</pr6>
            <pr7>0</pr7>
            <pr8>0</pr8>
            <pr9>0</pr9>
            <pr10>0</pr10>
        </phase_rms>
        <additional1></additional1>
        <additional2></additional2>
    </D2022-03-16_T13-51-10>
    <D2022-03-16_T13-53-04>
        <datetime>2022-03-16T13:53:04</datetime>
        <serialnumber>n698</serialnumber>
        <TS>49984</TS>
        <frequency>
            <f0>976.563</f0>
            <f1>1953.13</f1>
            <f2>3906.25</f2>
            <f3>7812.5</f3>
            <f4>15625</f4>
            <f5>31250</f5>
            <f6>62500</f6>
            <f7>125000</f7>
            <f8>250000</f8>
            <f9>500000</f9>
            <f10>1e+06</f10>
        </frequency>
        <amplitude>
            <a0>58.4523</a0>
            <a1>57.3253</a1>
            <a2>56.9165</a2>
            <a3>55.6006</a3>
            <a4>54.3973</a4>
            <a5>53.4582</a5>
            <a6>52.1633</a6>
            <a7>50.7822</a7>
            <a8>48.7173</a8>
            <a9>50.6656</a9>
            <a10>39.549</a10>
        </amplitude>
        <phase>
            <p0>7.87928</p0>
            <p1>7.25319</p1>
            <p2>8.0933</p2>
            <p3>8.01709</p3>
            <p4>8.74616</p4>
            <p5>9.46232</p5>
            <p6>11.1429</p6>
            <p7>13.5411</p7>
            <p8>18.2427</p8>
            <p9>36.2853</p9>
            <p10>36.4954</p10>
        </phase>
        <amplitude_rms>
            <ar0>0</ar0>
            <ar1>0</ar1>
            <ar2>0</ar2>
            <ar3>0</ar3>
            <ar4>0</ar4>
            <ar5>0</ar5>
            <ar6>0</ar6>
            <ar7>0</ar7>
            <ar8>0</ar8>
            <ar9>0</ar9>
            <ar10>0</ar10>
        </amplitude_rms>
        <phase_rms>
            <pr0>0</pr0>
            <pr1>0</pr1>
            <pr2>0</pr2>
            <pr3>0</pr3>
            <pr4>0</pr4>
            <pr5>0</pr5>
            <pr6>0</pr6>
            <pr7>0</pr7>
            <pr8>0</pr8>
            <pr9>0</pr9>
            <pr10>0</pr10>
        </phase_rms>
        <additional1></additional1>
        <additional2></additional2>
    </D2022-03-16_T13-53-04>
    <D2022-03-16_T13-54-40>
        <datetime>2022-03-16T13:54:40</datetime>
        <serialnumber>n698</serialnumber>
        <TS>50080</TS>
        <frequency>
            <f0>976.563</f0>
            <f1>1953.13</f1>
            <f2>3906.25</f2>
            <f3>7812.5</f3>
            <f4>15625</f4>
            <f5>31250</f5>
            <f6>62500</f6>
            <f7>125000</f7>
            <f8>250000</f8>
            <f9>500000</f9>
            <f10>1e+06</f10>
        </frequency>
        <amplitude>
            <a0>58.1963</a0>
            <a1>57.3929</a1>
            <a2>56.8807</a2>
            <a3>55.675</a3>
            <a4>54.3973</a4>
            <a5>53.5013</a5>
            <a6>52.2138</a6>
            <a7>50.5923</a7>
            <a8>48.7988</a8>
            <a9>50.513</a9>
            <a10>40.0651</a10>
        </amplitude>
        <phase>
            <p0>7.91416</p0>
            <p1>7.76517</p1>
            <p2>7.83553</p2>
            <p3>8.54392</p3>
            <p4>8.74616</p4>
            <p5>9.73537</p5>
            <p6>11.4212</p6>
            <p7>13.8942</p7>
            <p8>18.5309</p8>
            <p9>36.0489</p9>
            <p10>36.8699</p10>
        </phase>
        <amplitude_rms>
            <ar0>0</ar0>
            <ar1>0</ar1>
            <ar2>0</ar2>
            <ar3>0</ar3>
            <ar4>0</ar4>
            <ar5>0</ar5>
            <ar6>0</ar6>
            <ar7>0</ar7>
            <ar8>0</ar8>
            <ar9>0</ar9>
            <ar10>0</ar10>
        </amplitude_rms>
        <phase_rms>
            <pr0>0</pr0>
            <pr1>0</pr1>
            <pr2>0</pr2>
            <pr3>0</pr3>
            <pr4>0</pr4>
            <pr5>0</pr5>
            <pr6>0</pr6>
            <pr7>0</pr7>
            <pr8>0</pr8>
            <pr9>0</pr9>
            <pr10>0</pr10>
        </phase_rms>
        <additional1></additional1>
        <additional2></additional2>
    </D2022-03-16_T13-54-40>
    <D2022-03-16_T13-57-05>
        <datetime>2022-03-16T13:57:05</datetime>
        <serialnumber>n698</serialnumber>
        <TS>50225</TS>
        <frequency>
            <f0>976.563</f0>
            <f1>1953.13</f1>
            <f2>3906.25</f2>
            <f3>7812.5</f3>
            <f4>15625</f4>
            <f5>31250</f5>
            <f6>62500</f6>
            <f7>125000</f7>
            <f8>250000</f8>
            <f9>500000</f9>
            <f10>1e+06</f10>
        </frequency>
        <amplitude>
            <a0>58.5637</a0>
            <a1>57.4283</a1>
            <a2>56.6606</a2>
            <a3>55.0887</a3>
            <a4>54.1418</a4>
            <a5>52.906</a5>
            <a6>52.1633</a6>
            <a7>50.5309</a7>
            <a8>48.7173</a8>
            <a9>50.8742</a9>
            <a10>39.549</a10>
        </amplitude>
        <phase>
            <p0>8.6308</p0>
            <p1>8.02069</p1>
            <p2>8.1301</p2>
            <p3>8.09208</p3>
            <p4>8.78776</p4>
            <p5>9.27824</p5>
            <p6>11.1429</p6>
            <p7>13.6097</p7>
            <p8>18.2427</p8>
            <p9>36.113</p9>
            <p10>36.4954</p10>
        </phase>
        <amplitude_rms>
            <ar0>0</ar0>
            <ar1>0</ar1>
            <ar2>0</ar2>
            <ar3>0</ar3>
            <ar4>0</ar4>
            <ar5>0</ar5>
            <ar6>0</ar6>
            <ar7>0</ar7>
            <ar8>0</ar8>
            <ar9>0</ar9>
            <ar10>0</ar10>
        </amplitude_rms>
        <phase_rms>
            <pr0>0</pr0>
            <pr1>0</pr1>
            <pr2>0</pr2>
            <pr3>0</pr3>
            <pr4>0</pr4>
            <pr5>0</pr5>
            <pr6>0</pr6>
            <pr7>0</pr7>
            <pr8>0</pr8>
            <pr9>0</pr9>
            <pr10>0</pr10>
        </phase_rms>
        <additional1></additional1>
        <additional2></additional2>
    </D2022-03-16_T13-57-05>
    <D2022-03-16_T14-01-47>
        <datetime>2022-03-16T14:01:47</datetime>
        <serialnumber>n698</serialnumber>
        <TS>50507</TS>
        <frequency>
            <f0>976.563</f0>
            <f1>1953.13</f1>
            <f2>3906.25</f2>
            <f3>7812.5</f3>
            <f4>15625</f4>
            <f5>31250</f5>
            <f6>62500</f6>
            <f7>125000</f7>
            <f8>250000</f8>
            <f9>500000</f9>
            <f10>1e+06</f10>
        </frequency>
        <amplitude>
            <a0>58.0141</a0>
            <a1>57.1724</a1>
            <a2>56.3686</a2>
            <a3>55.1257</a3>
            <a4>54.1418</a4>
            <a5>52.906</a5>
            <a6>51.9097</a6>
            <a7>50.2192</a7>
            <a8>48.4719</a8>
            <a9>51.0269</a9>
            <a10>39.4534</a10>
        </amplitude>
        <phase>
            <p0>8.45503</p0>
            <p1>8.05683</p1>
            <p2>7.90716</p2>
            <p3>8.35807</p3>
            <p4>8.78776</p4>
            <p5>9.27824</p5>
            <p6>11.198</p6>
            <p7>13.3925</p7>
            <p8>18.3383</p8>
            <p9>36.3475</p9>
            <p10>35.6686</p10>
        </phase>
        <amplitude_rms>
            <ar0>0</ar0>
            <ar1>0</ar1>
            <ar2>0</ar2>
            <ar3>0</ar3>
            <ar4>0</ar4>
            <ar5>0</ar5>
            <ar6>0</ar6>
            <ar7>0</ar7>
            <ar8>0</ar8>
            <ar9>0</ar9>
            <ar10>0</ar10>
        </amplitude_rms>
        <phase_rms>
            <pr0>0</pr0>
            <pr1>0</pr1>
            <pr2>0</pr2>
            <pr3>0</pr3>
            <pr4>0</pr4>
            <pr5>0</pr5>
            <pr6>0</pr6>
            <pr7>0</pr7>
            <pr8>0</pr8>
            <pr9>0</pr9>
            <pr10>0</pr10>
        </phase_rms>
        <additional1></additional1>
        <additional2></additional2>
    </D2022-03-16_T14-01-47>
    <D2022-03-16_T14-04-45>
        <datetime>2022-03-16T14:04:45</datetime>
        <serialnumber>n698</serialnumber>
        <TS>50685</TS>
        <frequency>
            <f0>976.563</f0>
            <f1>1953.13</f1>
            <f2>3906.25</f2>
            <f3>7812.5</f3>
            <f4>15625</f4>
            <f5>31250</f5>
            <f6>62500</f6>
            <f7>125000</f7>
            <f8>250000</f8>
            <f9>500000</f9>
            <f10>1e+06</f10>
        </frequency>
        <amplitude>
            <a0>58.0141</a0>
            <a1>57.649</a1>
            <a2>56.1126</a2>
            <a3>55.3815</a3>
            <a4>54.103</a4>
            <a5>53.5013</a5>
            <a6>52.1633</a6>
            <a7>51.0943</a7>
            <a8>48.637</a8>
            <a9>50.819</a9>
            <a10>39.2437</a10>
        </amplitude>
        <phase>
            <p0>8.45503</p0>
            <p1>7.73046</p1>
            <p2>7.94347</p2>
            <p3>8.3192</p3>
            <p4>8.51723</p4>
            <p5>9.73537</p5>
            <p6>11.1429</p6>
            <p7>13.755</p7>
            <p8>17.9535</p8>
            <p9>36.5202</p9>
            <p10>35.8886</p10>
        </phase>
        <amplitude_rms>
            <ar0>0</ar0>
            <ar1>0</ar1>
            <ar2>0</ar2>
            <ar3>0</ar3>
            <ar4>0</ar4>
            <ar5>0</ar5>
            <ar6>0</ar6>
            <ar7>0</ar7>
            <ar8>0</ar8>
            <ar9>0</ar9>
            <ar10>0</ar10>
        </amplitude_rms>
        <phase_rms>
            <pr0>0</pr0>
            <pr1>0</pr1>
            <pr2>0</pr2>
            <pr3>0</pr3>
            <pr4>0</pr4>
            <pr5>0</pr5>
            <pr6>0</pr6>
            <pr7>0</pr7>
            <pr8>0</pr8>
            <pr9>0</pr9>
            <pr10>0</pr10>
        </phase_rms>
        <additional1></additional1>
        <additional2></additional2>
    </D2022-03-16_T14-04-45>
    <D2022-03-16_T14-07-05>
        <datetime>2022-03-16T14:07:05</datetime>
        <serialnumber>n698</serialnumber>
        <TS>50825</TS>
        <frequency>
            <f0>976.563</f0>
            <f1>1953.13</f1>
            <f2>3906.25</f2>
            <f3>7812.5</f3>
            <f4>15625</f4>
            <f5>31250</f5>
            <f6>62500</f6>
            <f7>125000</f7>
            <f8>250000</f8>
            <f9>500000</f9>
            <f10>1e+06</f10>
        </frequency>
        <amplitude>
            <a0>58.5255</a0>
            <a1>57.3929</a1>
            <a2>56.1489</a2>
            <a3>55.1257</a3>
            <a4>54.103</a4>
            <a5>53.2032</a5>
            <a6>52.4169</a6>
            <a7>50.7822</a7>
            <a8>48.9628</a8>
            <a9>50.6656</a9>
            <a10>39.0927</a10>
        </amplitude>
        <phase>
            <p0>8.38061</p0>
            <p1>7.76517</p1>
            <p2>8.20471</p2>
            <p3>8.35807</p3>
            <p4>8.51723</p4>
            <p5>9.50809</p5>
            <p6>11.0883</p6>
            <p7>13.5411</p7>
            <p8>18.148</p8>
            <p9>36.2853</p9>
            <p10>35.5817</p10>
        </phase>
        <amplitude_rms>
            <ar0>0</ar0>
            <ar1>0</ar1>
            <ar2>0</ar2>
            <ar3>0</ar3>
            <ar4>0</ar4>
            <ar5>0</ar5>
            <ar6>0</ar6>
            <ar7>0</ar7>
            <ar8>0</ar8>
            <ar9>0</ar9>
            <ar10>0</ar10>
        </amplitude_rms>
        <phase_rms>
            <pr0>0</pr0>
            <pr1>0</pr1>
            <pr2>0</pr2>
            <pr3>0</pr3>
            <pr4>0</pr4>
            <pr5>0</pr5>
            <pr6>0</pr6>
            <pr7>0</pr7>
            <pr8>0</pr8>
            <pr9>0</pr9>
            <pr10>0</pr10>
        </phase_rms>
        <additional1></additional1>
        <additional2></additional2>
    </D2022-03-16_T14-07-05>
    <D2022-03-16_T14-11-10>
        <datetime>2022-03-16T14:11:10</datetime>
        <serialnumber>n698</serialnumber>
        <TS>51070</TS>
        <frequency>
            <f0>976.563</f0>
            <f1>1953.13</f1>
            <f2>3906.25</f2>
            <f3>7812.5</f3>
            <f4>15625</f4>
            <f5>31250</f5>
            <f6>62500</f6>
            <f7>125000</f7>
            <f8>250000</f8>
            <f9>500000</f9>
            <f10>1e+06</f10>
        </frequency>
        <amplitude>
            <a0>59.0749</a0>
            <a1>57.3929</a1>
            <a2>56.6246</a2>
            <a3>55.6372</a3>
            <a4>54.6528</a4>
            <a5>53.6715</a5>
            <a6>52.4169</a6>
            <a7>50.7822</a7>
            <a8>49.2893</a8>
            <a9>51.1806</a9>
            <a10>39.4534</a10>
        </amplitude>
        <phase>
            <p0>8.55556</p0>
            <p1>7.76517</p1>
            <p2>7.87118</p2>
            <p3>8.28068</p3>
            <p4>8.70496</p4>
            <p5>9.14477</p5>
            <p6>11.0883</p6>
            <p7>13.5411</p7>
            <p8>18.3399</p8>
            <p9>36.5805</p9>
            <p10>35.6686</p10>
        </phase>
        <amplitude_rms>
            <ar0>0</ar0>
            <ar1>0</ar1>
            <ar2>0</ar2>
            <ar3>0</ar3>
            <ar4>0</ar4>
            <ar5>0</ar5>
            <ar6>0</ar6>
            <ar7>0</ar7>
            <ar8>0</ar8>
            <ar9>0</ar9>
            <ar10>0</ar10>
        </amplitude_rms>
        <phase_rms>
            <pr0>0</pr0>
            <pr1>0</pr1>
            <pr2>0</pr2>
            <pr3>0</pr3>
            <pr4>0</pr4>
            <pr5>0</pr5>
            <pr6>0</pr6>
            <pr7>0</pr7>
            <pr8>0</pr8>
            <pr9>0</pr9>
            <pr10>0</pr10>
        </phase_rms>
        <additional1></additional1>
        <additional2></additional2>
    </D2022-03-16_T14-11-10>
    <D2022-03-16_T14-15-12>
        <datetime>2022-03-16T14:15:12</datetime>
        <serialnumber>n698</serialnumber>
        <TS>51312</TS>
        <frequency>
            <f0>976.563</f0>
            <f1>1953.13</f1>
            <f2>3906.25</f2>
            <f3>7812.5</f3>
            <f4>15625</f4>
            <f5>31250</f5>
            <f6>62500</f6>
            <f7>125000</f7>
            <f8>250000</f8>
            <f9>500000</f9>
            <f10>1e+06</f10>
        </frequency>
        <amplitude>
            <a0>59.154</a0>
            <a1>58.0141</a1>
            <a2>57.2862</a2>
            <a3>55.9695</a3>
            <a4>54.9886</a4>
            <a5>53.7561</a5>
            <a6>52.9742</a6>
            <a7>51.4702</a7>
            <a8>49.1263</a8>
            <a9>51.1806</a9>
            <a10>39.7571</a10>
        </amplitude>
        <phase>
            <p0>9.05072</p0>
            <p1>8.45503</p1>
            <p2>8.82478</p2>
            <p3>8.76628</p3>
            <p4>9.19666</p4>
            <p5>9.68879</p5>
            <p6>11.2551</p6>
            <p7>14.2456</p7>
            <p8>18.7209</p8>
            <p9>36.5805</p9>
            <p10>36.2739</p10>
        </phase>
        <amplitude_rms>
            <ar0>0</ar0>
            <ar1>0</ar1>
            <ar2>0</ar2>
            <ar3>0</ar3>
            <ar4>0</ar4>
            <ar5>0</ar5>
            <ar6>0</ar6>
            <ar7>0</ar7>
            <ar8>0</ar8>
            <ar9>0</ar9>
            <ar10>0</ar10>
        </amplitude_rms>
        <phase_rms>
            <pr0>0</pr0>
            <pr1>0</pr1>
            <pr2>0</pr2>
            <pr3>0</pr3>
            <pr4>0</pr4>
            <pr5>0</pr5>
            <pr6>0</pr6>
            <pr7>0</pr7>
            <pr8>0</pr8>
            <pr9>0</pr9>
            <pr10>0</pr10>
        </phase_rms>
        <additional1></additional1>
        <additional2></additional2>
    </D2022-03-16_T14-15-12>
    <D2022-03-16_T14-17-03>
        <datetime>2022-03-16T14:17:03</datetime>
        <serialnumber>n698</serialnumber>
        <TS>51423</TS>
        <frequency>
            <f0>976.563</f0>
            <f1>1953.13</f1>
            <f2>3906.25</f2>
            <f3>7812.5</f3>
            <f4>15625</f4>
            <f5>31250</f5>
            <f6>62500</f6>
            <f7>125000</f7>
            <f8>250000</f8>
            <f9>500000</f9>
            <f10>1e+06</f10>
        </frequency>
        <amplitude>
            <a0>59.9606</a0>
            <a1>58.3477</a1>
            <a2>57.2471</a2>
            <a3>55.9695</a3>
            <a4>55.2437</a4>
            <a5>54.3094</a5>
            <a6>53.0775</a6>
            <a7>51.4072</a7>
            <a8>49.4544</a8>
            <a9>51.5422</a9>
            <a10>39.9105</a10>
        </amplitude>
        <phase>
            <p0>9.17808</p0>
            <p1>8.91984</p1>
            <p2>8.56914</p2>
            <p3>8.76628</p3>
            <p4>9.15381</p4>
            <p5>9.86581</p5>
            <p6>11.8024</p6>
            <p7>13.9664</p7>
            <p8>18.9085</p8>
            <p9>36.64</p9>
            <p10>36.573</p10>
        </phase>
        <amplitude_rms>
            <ar0>0</ar0>
            <ar1>0</ar1>
            <ar2>0</ar2>
            <ar3>0</ar3>
            <ar4>0</ar4>
            <ar5>0</ar5>
            <ar6>0</ar6>
            <ar7>0</ar7>
            <ar8>0</ar8>
            <ar9>0</ar9>
            <ar10>0</ar10>
        </amplitude_rms>
        <phase_rms>
            <pr0>0</pr0>
            <pr1>0</pr1>
            <pr2>0</pr2>
            <pr3>0</pr3>
            <pr4>0</pr4>
            <pr5>0</pr5>
            <pr6>0</pr6>
            <pr7>0</pr7>
            <pr8>0</pr8>
            <pr9>0</pr9>
            <pr10>0</pr10>
        </phase_rms>
        <additional1></additional1>
        <additional2></additional2>
    </D2022-03-16_T14-17-03>
    <D2022-03-16_T14-18-03>
        <datetime>2022-03-16T14:18:03</datetime>
        <serialnumber>n698</serialnumber>
        <TS>51483</TS>
        <frequency>
            <f0>976.563</f0>
            <f1>1953.13</f1>
            <f2>3906.25</f2>
            <f3>7812.5</f3>
            <f4>15625</f4>
            <f5>31250</f5>
            <f6>62500</f6>
            <f7>125000</f7>
            <f8>250000</f8>
            <f9>500000</f9>
            <f10>1e+06</f10>
        </frequency>
        <amplitude>
            <a0>59.1952</a0>
            <a1>58.0526</a1>
            <a2>56.9916</a2>
            <a3>55.2032</a3>
            <a4>54.7755</a4>
            <a5>53.5013</a5>
            <a6>51.9605</a6>
            <a7>50.5309</a7>
            <a8>49.1263</a8>
            <a9>50.513</a9>
            <a10>39.549</a10>
        </amplitude>
        <phase>
            <p0>9.2978</p0>
            <p1>8.70737</p1>
            <p2>8.60786</p2>
            <p3>8.88894</p3>
            <p4>9.50677</p4>
            <p5>9.73537</p5>
            <p6>11.4776</p6>
            <p7>13.6097</p7>
            <p8>18.7209</p8>
            <p9>36.0489</p9>
            <p10>36.4954</p10>
        </phase>
        <amplitude_rms>
            <ar0>0</ar0>
            <ar1>0</ar1>
            <ar2>0</ar2>
            <ar3>0</ar3>
            <ar4>0</ar4>
            <ar5>0</ar5>
            <ar6>0</ar6>
            <ar7>0</ar7>
            <ar8>0</ar8>
            <ar9>0</ar9>
            <ar10>0</ar10>
        </amplitude_rms>
        <phase_rms>
            <pr0>0</pr0>
            <pr1>0</pr1>
            <pr2>0</pr2>
            <pr3>0</pr3>
            <pr4>0</pr4>
            <pr5>0</pr5>
            <pr6>0</pr6>
            <pr7>0</pr7>
            <pr8>0</pr8>
            <pr9>0</pr9>
            <pr10>0</pr10>
        </phase_rms>
        <additional1></additional1>
        <additional2></additional2>
    </D2022-03-16_T14-18-03>
    <D2022-03-16_T14-20-18>
        <datetime>2022-03-16T14:20:18</datetime>
        <serialnumber>n698</serialnumber>
        <TS>51618</TS>
        <frequency>
            <f0>976.563</f0>
            <f1>1953.13</f1>
            <f2>3906.25</f2>
            <f3>7812.5</f3>
            <f4>15625</f4>
            <f5>31250</f5>
            <f6>62500</f6>
            <f7>125000</f7>
            <f8>250000</f8>
            <f9>500000</f9>
            <f10>1e+06</f10>
        </frequency>
        <amplitude>
            <a0>59.3305</a0>
            <a1>58.3477</a1>
            <a2>57.5028</a2>
            <a3>56.4805</a3>
            <a4>54.9478</a4>
            <a5>53.7561</a5>
            <a6>52.772</a6>
            <a7>51.4072</a7>
            <a8>49.7829</a8>
            <a9>51.9039</a9>
            <a10>41.0144</a10>
        </amplitude>
        <phase>
            <p0>8.51842</p0>
            <p1>8.91984</p1>
            <p2>8.53077</p2>
            <p3>8.68635</p3>
            <p4>8.93059</p4>
            <p5>9.68879</p5>
            <p6>11.5851</p6>
            <p7>13.9664</p7>
            <p8>19.0935</p8>
            <p9>36.6987</p9>
            <p10>38.6034</p10>
        </phase>
        <amplitude_rms>
            <ar0>0</ar0>
            <ar1>0</ar1>
            <ar2>0</ar2>
            <ar3>0</ar3>
            <ar4>0</ar4>
            <ar5>0</ar5>
            <ar6>0</ar6>
            <ar7>0</ar7>
            <ar8>0</ar8>
            <ar9>0</ar9>
            <ar10>0</ar10>
        </amplitude_rms>
        <phase_rms>
            <pr0>0</pr0>
            <pr1>0</pr1>
            <pr2>0</pr2>
            <pr3>0</pr3>
            <pr4>0</pr4>
            <pr5>0</pr5>
            <pr6>0</pr6>
            <pr7>0</pr7>
            <pr8>0</pr8>
            <pr9>0</pr9>
            <pr10>0</pr10>
        </phase_rms>
        <additional1></additional1>
        <additional2></additional2>
    </D2022-03-16_T14-20-18>
    <D2022-03-16_T14-21-37>
        <datetime>2022-03-16T14:21:37</datetime>
        <serialnumber>n698</serialnumber>
        <TS>51697</TS>
        <frequency>
            <f0>976.563</f0>
            <f1>1953.13</f1>
            <f2>3906.25</f2>
            <f3>7812.5</f3>
            <f4>15625</f4>
            <f5>31250</f5>
            <f6>62500</f6>
            <f7>125000</f7>
            <f8>250000</f8>
            <f9>500000</f9>
            <f10>1e+06</f10>
        </frequency>
        <amplitude>
            <a0>58.8584</a0>
            <a1>57.2862</a1>
            <a2>56.7754</a2>
            <a3>55.499</a3>
            <a4>54.2232</a4>
            <a5>53.2911</a5>
            <a6>51.7072</a6>
            <a7>50.5923</a7>
            <a8>48.4719</a8>
            <a9>50.9732</a9>
            <a10>40.9451</a10>
        </amplitude>
        <phase>
            <p0>8.84181</p0>
            <p1>8.82478</p1>
            <p2>8.90482</p2>
            <p3>9.11136</p3>
            <p4>9.32761</p4>
            <p5>10.0563</p5>
            <p6>11.5346</p6>
            <p7>13.8942</p7>
            <p8>18.3383</p8>
            <p9>36.7537</p9>
            <p10>37.3039</p10>
        </phase>
        <amplitude_rms>
            <ar0>0</ar0>
            <ar1>0</ar1>
            <ar2>0</ar2>
            <ar3>0</ar3>
            <ar4>0</ar4>
            <ar5>0</ar5>
            <ar6>0</ar6>
            <ar7>0</ar7>
            <ar8>0</ar8>
            <ar9>0</ar9>
            <ar10>0</ar10>
        </amplitude_rms>
        <phase_rms>
            <pr0>0</pr0>
            <pr1>0</pr1>
            <pr2>0</pr2>
            <pr3>0</pr3>
            <pr4>0</pr4>
            <pr5>0</pr5>
            <pr6>0</pr6>
            <pr7>0</pr7>
            <pr8>0</pr8>
            <pr9>0</pr9>
            <pr10>0</pr10>
        </phase_rms>
        <additional1></additional1>
        <additional2></additional2>
    </D2022-03-16_T14-21-37>
</Ebba>
